{
  "mpx": {
    "ast-grep": [
      58.862458000000515,
      0.4665839999997843,
      0.4124580000006972,
      0.2981659999995827,
      0.36016600000039034,
      0.3157920000003287,
      187.93833300000006,
      59.75445799999943,
      0.3877919999995356,
      0.3710829999999987,
      0.2262090000003809,
      0.2955420000007507,
      5.33691700000054,
      160.45175000000017
    ]
  },
  "native-webpack": {
    "ast-grep": [
      34.368124999999964,
      28.47787500000004
    ]
  },
  "rax": {
    "ast-grep": [
      0.43462499999986903,
      0.23887500000000728,
      0.34470799999962765,
      0.3854590000000826,
      0.16095800000039162,
      0.5141250000006039,
      41.16533299999992,
      0.4301660000000993,
      0.18187499999930878,
      0.2717500000007931,
      0.314832999999453,
      0.2857500000000073,
      0.5145830000001297,
      42.17637500000001
    ]
  },
  "taro-react": {
    "ast-grep": [
      124.67058299999917,
      160.80124999999862,
      260.34450000000106,
      110.79491600000074,
      145.15949999999975,
      269.79170800000065
    ]
  },
  "taro-vue2": {
    "ast-grep": [
      110.71754200000032,
      111.34537499999988
    ]
  },
  "taro-vue3": {
    "ast-grep": [
      149.98925000000054,
      149.35475000000042
    ]
  },
  "uni-app-webpack-vue2": {
    "ast-grep": [
      140.54941699999927,
      136.56195900000057
    ]
  },
  "uni-app-vite-vue3": {
    "ast-grep": [
      238.26179100000036,
      238.66550000000007
    ]
  },
  "uni-app-webpack5-vue2": {
    "ast-grep": [
      63.725124999999935,
      62.46683299999995
    ]
  }
}
