{
  "uni-app-vite-vue3": {
    "ast-grep": [
      306.63425000000007,
      41.45529199996963
    ],
    "babel": [
      327.65870799999993,
      334.08441600000015
    ]
  },
  "mpx": {
    "babel": [
      56.78616599999987,
      0.40933399999994435,
      0.35154099999999744,
      0.21095799999966403,
      0.28845900000033,
      0.172458000000006,
      351.19624999999996,
      322.7727920000325,
      63.387040999999954,
      0.43295799999941664,
      0.4070000000001528,
      0.3182919999999285,
      0.3493750000006912,
      0.2839160000003176,
      311.37883300000067,
      443.809667,
      333.0160410000003
    ]
  },
  "native-webpack": {
    "ast-grep": [
      50.79391600000008
    ],
    "babel": [
      49.47212500000023,
      45.13333300000022,
      50.883834000000206
    ]
  },
  "taro-react": {
    "ast-grep": [
      46.76641600000039,
      132.51016600000003,
      271.80583300000035
    ],
    "babel": [
      451.6219170000004,
      454.104292,
      527.0032080000001,
      265.2350000000006,
      210.04420800000025,
      515.7996250000015
    ]
  },
  "taro-vue2": {
    "ast-grep": [
      138.59904200000028,
      44.208583000000544
    ],
    "babel": [
      222.90762499999983,
      217.51179200000024
    ]
  },
  "taro-vue3": {
    "ast-grep": [
      122.2241670000003,
      36.45375000000058,
      3.2188749999995707,
      68.43470799999977,
      3.875500000000102,
      147.29308299999957,
      138.64666600000055,
      9.36974999999984,
      25.398666999999477,
      36.86854200000016,
      98.45545799999991,
      114.48066599999947,
      10.09741700000086,
      36.864790999970865,
      14.738959000038449,
      29.571791999973357,
      13.443208999931812
    ],
    "babel": [
      253.75437500000044,
      232.09408299999996
    ]
  },
  "rax": {
    "babel": [
      0.42225000000053114,
      0.24133400000027905,
      0.3699590000005628,
      0.3677079999997659,
      0.497958999999355,
      0.3766250000007858,
      83.22437499999978,
      0.4752920000000813,
      0.22008400000049733,
      0.3476249999994252,
      0.33195900000009715,
      0.22608299999956216,
      0.5721249999996871,
      77.2416659999999
    ]
  },
  "uni-app-webpack-vue2": {
    "babel": [
      296.264416,
      249.30720800000017
    ]
  },
  "uni-app-webpack5-vue2": {
    "babel": [
      127.37779200000023,
      129.5238330000002
    ]
  }
}
