{
  "mpx": {
    "babel": [
      67.83966700000019,
      0.4032500000002983,
      0.3015420000001541,
      0.16937499999949068,
      0.34558300000026065,
      0.18204200000036508,
      457.0346669999999,
      435.4945419999999
    ],
    "ast-grep": [
      290.6162079999999,
      235.38675000000512
    ]
  }
}
