{
  "mpx": {
    "babel": [
      67.83966700000019,
      0.4032500000002983,
      0.3015420000001541,
      0.16937499999949068,
      0.34558300000026065,
      0.18204200000036508,
      457.0346669999999,
      435.4945419999999,
      58.65266700000029,
      0.4162499999993088,
      0.30483299999923474,
      0.4499580000001515,
      0.3349579999994603,
      0.23741699999936827,
      391.77737499999967,
      60.48083299999962,
      0.4670410000007905,
      0.3551660000002812,
      0.2548339999993914,
      0.3100000000004002,
      0.22299999999995634,
      328.02187500000036
    ],
    "ast-grep": [
      290.6162079999999,
      235.38675000000512
    ]
  },
  "native-webpack": {
    "ast-grep": [
      37.42037500000015
    ]
  },
  "rax": {
    "ast-grep": [
      0.5116250000000946,
      0.3186249999998836,
      0.25420800000028976,
      0.5419999999994616,
      0.5456659999999829,
      0.3442079999995258,
      53.5868330000003
    ]
  },
  "taro-react": {
    "ast-grep": [
      122.03166699999929,
      167.2442090000004,
      337.05474999999933
    ]
  },
  "taro-vue2": {
    "ast-grep": [
      130.42945899999995
    ]
  },
  "taro-vue3": {
    "ast-grep": [
      169.11333399999967
    ]
  },
  "uni-app-webpack-vue2": {
    "ast-grep": [
      151.45145800000046
    ]
  },
  "uni-app-vite-vue3": {
    "ast-grep": [
      257.7928750000001
    ]
  },
  "uni-app-webpack5-vue2": {
    "ast-grep": [
      66.78295800000024
    ]
  }
}
