{
  "mpx": {
    "babel": [
      60.84133400000064,
      0.44470799999999144,
      0.3093330000001515,
      0.21341600000050676,
      0.33608300000014424,
      0.30808299999989686,
      305.79066599999896
    ]
  },
  "native-webpack": {
    "babel": [
      70.9201250000001
    ]
  },
  "rax": {
    "babel": [
      0.42879199999970297,
      0.275166999999783,
      0.3307910000003176,
      0.32516599999962637,
      0.3317079999997077,
      0.5297500000006039,
      118.89787500000057
    ]
  },
  "taro-react": {
    "babel": [
      266.88887500000055,
      190.4652499999993,
      556.6742919999997
    ]
  },
  "taro-vue2": {
    "babel": [
      249.35691700000007
    ]
  },
  "taro-vue3": {
    "babel": [
      287.3316249999989
    ]
  },
  "uni-app-webpack-vue2": {
    "babel": [
      303.67175000000043
    ]
  },
  "uni-app-vite-vue3": {
    "babel": [
      369.5868750000004
    ],
    "ast-grep": [
      268.37954200000013,
      250.95641700000033
    ]
  },
  "uni-app-webpack5-vue2": {
    "babel": [
      184.0740420000002
    ]
  }
}
