{
  "mpx": {
    "ast-grep": [
      58.862458000000515,
      0.4665839999997843,
      0.4124580000006972,
      0.2981659999995827,
      0.36016600000039034,
      0.3157920000003287,
      187.93833300000006
    ]
  },
  "native-webpack": {
    "ast-grep": [
      34.368124999999964
    ]
  },
  "rax": {
    "ast-grep": [
      0.43462499999986903,
      0.23887500000000728,
      0.34470799999962765,
      0.3854590000000826,
      0.16095800000039162,
      0.5141250000006039,
      41.16533299999992
    ]
  },
  "taro-react": {
    "ast-grep": [
      124.67058299999917,
      160.80124999999862,
      260.34450000000106
    ]
  },
  "taro-vue2": {
    "ast-grep": [
      110.71754200000032
    ]
  },
  "taro-vue3": {
    "ast-grep": [
      149.98925000000054
    ]
  },
  "uni-app-webpack-vue2": {
    "ast-grep": [
      140.54941699999927
    ]
  },
  "uni-app-vite-vue3": {
    "ast-grep": [
      238.26179100000036
    ]
  },
  "uni-app-webpack5-vue2": {
    "ast-grep": [
      63.725124999999935
    ]
  }
}
