{
  "mpx": {
    "ast-grep": [
      58.862458000000515,
      0.4665839999997843,
      0.4124580000006972,
      0.2981659999995827,
      0.36016600000039034,
      0.3157920000003287,
      187.93833300000006,
      59.75445799999943,
      0.3877919999995356,
      0.3710829999999987,
      0.2262090000003809,
      0.2955420000007507,
      5.33691700000054,
      160.45175000000017,
      213.5718750000001,
      196.50233300000036,
      52.99087499999996,
      0.30958300000020245,
      0.2620419999993828,
      0.12762500000008004,
      0.24575000000004366,
      0.1446670000004815,
      202.35312500000055,
      145.7757500000007,
      0.5686249999998836,
      0.45320799999990413,
      0.2117500000003929,
      0.3507499999996071,
      0.3099580000007336,
      292.9822499999991,
      256.65258300000005,
      66.66037499999948,
      0.47958400000061374,
      0.43220800000017334,
      0.3726249999999709,
      0.33770800000002055,
      0.46733300000050804,
      233.0190419999999,
      0.6775419999903534,
      0.3942090000055032,
      0.3709999999991851,
      0.30358400000841357,
      0.17462499999965075,
      168.26333300000988,
      134.32008400000632,
      124.31824999999662,
      0.6604579999984708,
      116.90337500000896,
      118.53908299999603,
      171.10466700000688,
      166.14395800000057,
      191.74708299999475,
      110.07204199999978,
      142.3933749999851,
      1.0875420000002123,
      0.3787499999998545,
      0.42258399999991525,
      0.2233329999999114,
      0.3672919999999067,
      0.36554200000045967,
      353.00816699999996
    ]
  },
  "native-webpack": {
    "ast-grep": [
      34.368124999999964,
      28.47787500000004,
      37.5307499999999,
      29.40599999999995
    ]
  },
  "rax": {
    "ast-grep": [
      0.43462499999986903,
      0.23887500000000728,
      0.34470799999962765,
      0.3854590000000826,
      0.16095800000039162,
      0.5141250000006039,
      41.16533299999992,
      0.4301660000000993,
      0.18187499999930878,
      0.2717500000007931,
      0.314832999999453,
      0.2857500000000073,
      0.5145830000001297,
      42.17637500000001,
      0.603874999999789,
      0.2274170000000595,
      0.4938750000001164,
      0.48254199999973935,
      0.727458000000297,
      0.5085829999998168,
      47.990749999999935,
      0.4639580000002752,
      0.156833000000006,
      0.5290830000003552,
      0.31824999999935244,
      0.2675840000001699,
      0.512416999999914,
      40.87745900000027
    ]
  },
  "taro-react": {
    "ast-grep": [
      124.67058299999917,
      160.80124999999862,
      260.34450000000106,
      110.79491600000074,
      145.15949999999975,
      269.79170800000065,
      97.69237499999872,
      135.97983299999942,
      274.2308750000011,
      94.24549999999726,
      129.369915999996,
      284.3330829999977,
      87.99866700000712,
      123.05245899999863,
      288.2106669999921,
      65.59799999999814,
      100.76287500000035,
      257.2589590000134,
      86.71358399999735,
      122.24575000000186,
      122.52187500000036,
      172.1354169999995,
      349.1108750000003,
      106.35379199999988,
      142.2902920000006,
      262.185958
    ]
  },
  "taro-vue2": {
    "ast-grep": [
      110.71754200000032,
      111.34537499999988,
      92.7460000000001,
      42.2065419999999,
      14.543750000004366,
      11.99275000000489,
      14.220374999997148,
      11.2153330000001,
      16.267166999998153,
      11.726167000000714,
      121.13591699999961,
      119.59200000000055
    ]
  },
  "taro-vue3": {
    "ast-grep": [
      149.98925000000054,
      149.35475000000042,
      100.20233299999973,
      36.46550000000025,
      3.2462500000001455,
      96.84333400000014,
      114.7213329999995,
      8.523917000000438,
      88.92479200000525,
      79.15958400000818,
      71.63687499999651,
      82.87533299998904,
      71.90325000000303,
      186.66358300000138,
      159.26745899999878
    ]
  },
  "uni-app-webpack-vue2": {
    "ast-grep": [
      140.54941699999927,
      136.56195900000057,
      276.8498329999993,
      205.9265000000005,
      167.59149999999954
    ]
  },
  "uni-app-vite-vue3": {
    "ast-grep": [
      238.26179100000036,
      238.66550000000007,
      242.68312500000002,
      241.0547919999999
    ]
  },
  "uni-app-webpack5-vue2": {
    "ast-grep": [
      63.725124999999935,
      62.46683299999995,
      69.42795799999931,
      62.28658399999995
    ]
  }
}
