{
  "mpx": {
    "babel": [
      295.9989579999997
    ]
  },
  "native-webpack": {
    "babel": [
      50.20291600000019
    ]
  },
  "rax": {
    "babel": [
      0.45912500000031287,
      0.19291699999939738,
      0.3180419999998776,
      0.3575410000003103,
      0.5198330000002898,
      0.34216600000036124,
      95.29904200000055
    ]
  },
  "taro-react": {
    "babel": [
      297.7117080000007,
      227.11254199999894,
      568.273792
    ]
  },
  "taro-vue2": {
    "babel": [
      235.08474999999999
    ]
  },
  "taro-vue3": {
    "babel": [
      350.7242500000011
    ]
  },
  "uni-app-webpack-vue2": {
    "babel": [
      278.75341600000047
    ]
  },
  "uni-app-vite-vue3": {
    "babel": [
      367.36420799999996
    ]
  },
  "uni-app-webpack5-vue2": {
    "babel": [
      144.98841699999957
    ]
  }
}
