{
  "mpx": {
    "babel": [
      355.79366600000003,
      64.2735419999999,
      0.42979099999956816,
      0.24549999999999272,
      0.1637090000003809,
      0.3296250000003056,
      0.22041599999920436,
      364.1304999999993
    ]
  },
  "native-webpack": {
    "babel": [
      46.065708000000086
    ]
  },
  "rax": {
    "babel": [
      151.25570800000014
    ]
  },
  "taro-react": {
    "babel": [
      303.2795420000002,
      175.99875000000065,
      509.1767089999994
    ]
  },
  "taro-vue2": {
    "babel": [
      224.30637500000012
    ]
  },
  "taro-vue3": {
    "babel": [
      241.5197079999998
    ]
  },
  "uni-app-webpack-vue2": {
    "babel": [
      256.20979199999965
    ]
  },
  "uni-app-vite-vue3": {
    "babel": [
      340.6123329999996
    ]
  },
  "uni-app-webpack5-vue2": {
    "babel": [
      136.50112500000023
    ]
  }
}
