{
  "mpx": {
    "babel": [
      60.957000000000335,
      0.5531250000003638,
      0.35066699999970297,
      0.3288750000001528,
      0.4540419999993901,
      0.31241700000009587,
      304.1972080000014,
      335.97133399999984
    ]
  },
  "native-webpack": {
    "babel": [
      52.80458299999964,
      49.90033399999993
    ]
  },
  "rax": {
    "babel": [
      0.4581669999997757,
      0.31079200000021956,
      1.121291000000383,
      0.31708300000036616,
      0.36958299999969313,
      0.5052919999998267,
      90.31937500000004,
      0.4200410000003103,
      0.3112920000003214,
      0.36508299999968585,
      0.3773750000000291,
      0.3041659999998956,
      0.5232919999998558,
      95.73987500000021
    ]
  },
  "taro-react": {
    "babel": [
      298.48862499999996,
      179.94779200000085,
      540.6140409999989,
      319.6509590000005,
      184.4137499999997,
      535.4119579999988
    ]
  },
  "taro-vue2": {
    "babel": [
      230.70829200000026,
      220.46095800000057
    ]
  },
  "taro-vue3": {
    "babel": [
      250.55141600000024,
      251.5338329999995
    ]
  },
  "uni-app-webpack-vue2": {
    "babel": [
      331.404125,
      232.05595799999992
    ]
  },
  "uni-app-vite-vue3": {
    "babel": [
      345.37770899999987,
      358.91945799999985
    ],
    "ast-grep": [
      280.06754200000023
    ]
  },
  "uni-app-webpack5-vue2": {
    "babel": [
      128.12350000000015,
      136.43016699999998
    ]
  }
}
