{
  "mpx": {
    "babel": [
      52.45899999999983,
      0.3820420000001832,
      0.27837499999986903,
      0.28725000000031287,
      1.5823339999997188,
      0.3568749999994907,
      316.8615829999999,
      357.6021249999999
    ]
  },
  "native-webpack": {
    "babel": [
      65.57724999999982,
      71.42845799999986
    ]
  },
  "rax": {
    "babel": [
      0.4517089999999371,
      0.6875829999999041,
      0.39729200000056153,
      0.5918750000000728,
      0.3689590000003591,
      0.5354580000002898,
      102.2465000000002,
      178.39750000000004
    ]
  },
  "taro-react": {
    "babel": [
      270.54925000000003,
      209.65408299999945,
      576.7182499999999,
      276.4002079999991,
      210.53758299999936,
      611.7264159999995
    ]
  },
  "taro-vue2": {
    "babel": [
      244.52612500000032,
      336.62570800000003
    ]
  },
  "taro-vue3": {
    "babel": [
      278.60108299999956,
      354.89304200000015
    ]
  },
  "uni-app-webpack-vue2": {
    "babel": [
      323.2933750000002,
      307.4974170000005
    ]
  },
  "uni-app-vite-vue3": {
    "babel": [
      353.3421250000001,
      380.4452080000001
    ]
  },
  "uni-app-webpack5-vue2": {
    "babel": [
      164.809209,
      148.913
    ]
  }
}
