{
  "mpx": {
    "ast-grep": [
      59.70325000000048,
      0.7205000000003565,
      0.5780420000000959,
      0.34458399999948597,
      0.5950410000004922,
      0.37283300000035524,
      151.59195799999907
    ]
  },
  "native-webpack": {
    "ast-grep": [
      28.879832999999962
    ]
  },
  "rax": {
    "ast-grep": [
      0.7856670000001031,
      0.46270800000002055,
      0.6314580000007481,
      0.8447500000002037,
      0.6041249999998399,
      2.612167000000227,
      49.05937499999982
    ]
  },
  "taro-react": {
    "ast-grep": [
      129.47512499999903,
      163.84208299999955,
      259.6269579999989
    ]
  },
  "taro-vue2": {
    "ast-grep": [
      109.46299999999974
    ]
  },
  "taro-vue3": {
    "ast-grep": [
      157.61754200000178
    ]
  },
  "uni-app-webpack-vue2": {
    "ast-grep": [
      148.65041699999983
    ]
  },
  "uni-app-vite-vue3": {
    "ast-grep": [
      239.62954200000013
    ]
  },
  "uni-app-webpack5-vue2": {
    "ast-grep": [
      62.96870799999988
    ]
  }
}
