{
  "mpx": {
    "babel": [
      54.99137499999961,
      0.46708399999988615,
      0.36379199999919365,
      0.30112499999995634,
      0.40929099999993923,
      0.2854159999997137,
      304.8987500000003,
      356.6761670000001,
      395.9737500000001
    ]
  },
  "native-webpack": {
    "babel": [
      72.1609169999997,
      76.34745800000019,
      70.19970899999998
    ]
  },
  "rax": {
    "babel": [
      0.5202919999992446,
      0.17241699999976845,
      0.4009589999996024,
      0.35916699999961565,
      0.4619169999996302,
      0.3705420000005688,
      110.47108299999945,
      0.527208000000428,
      0.2634170000001177,
      0.2792920000001686,
      0.5258750000002692,
      0.29104199999983393,
      0.37279100000068865,
      115.29312500000015,
      0.4604589999999007,
      0.3019170000006852,
      0.4342500000002474,
      0.838249999999789,
      0.35287500000049477,
      0.5754580000002534,
      113.73341600000003
    ]
  },
  "taro-react": {
    "babel": [
      272.57187499999964,
      189.71870800000033,
      556.3587499999994,
      273.23370799999975,
      191.04783299999872,
      575.2313329999997,
      275.7897499999999,
      196.93525000000045,
      580.2384579999998
    ]
  },
  "taro-vue2": {
    "babel": [
      247.86129100000016,
      232.1110410000001,
      244.5023340000007
    ]
  },
  "taro-vue3": {
    "babel": [
      302.69487499999923,
      293.073124999999,
      293.7836670000015
    ]
  },
  "uni-app-webpack-vue2": {
    "babel": [
      295.72862500000065,
      288.1190829999996,
      299.47891700000037
    ]
  },
  "uni-app-vite-vue3": {
    "babel": [
      382.48637499999995,
      366.460959,
      401.25716699999975
    ],
    "ast-grep": [
      298.804666,
      303.16812500000015
    ]
  },
  "uni-app-webpack5-vue2": {
    "babel": [
      158.54279099999985,
      161.97858399999996,
      162.58604100000048
    ]
  }
}
