{
  "mpx": {
    "babel": [
      52.468832999999904,
      0.3685829999994894,
      0.2696249999999054,
      0.2007080000003043,
      0.2417089999999007,
      0.3633330000002388,
      296.4194580000003
    ]
  },
  "native-webpack": {
    "babel": [
      55.36308300000019
    ]
  },
  "rax": {
    "babel": [
      0.4593329999997877,
      0.2527090000003227,
      0.37062500000047294,
      0.2937080000001515,
      0.6567919999997684,
      0.42062500000065484,
      89.45583299999998
    ]
  },
  "taro-react": {
    "babel": [
      299.39129200000025,
      183.03766599999835,
      516.1206250000014
    ],
    "ast-grep": [
      48.7087500000016,
      135.24854100000084,
      281.959832999999,
      235.07383399999526,
      268.675041999988,
      258.273417000004,
      74.47937499999534,
      108.36658400000306,
      261.0280419999908,
      38.000207999983104,
      125.20066699999734,
      276.1940000000177,
      54.530375000002095,
      90.0967079999973,
      262.5615420000104,
      96.52529200000572,
      88.45266599999741,
      260.36429199998383,
      88.9071249999688,
      122.61495899996953,
      254.24891600001138,
      92.47204200003762,
      125.50770900002681,
      271.5065829999512,
      34.42220900004031,
      122.77045900002122,
      266.09854099998483,
      73.68237499997485,
      108.43308399996022,
      264.3923749999958,
      89.5268329999526,
      84.95604199997615,
      270.5376249999972,
      92.13583299994934,
      87.1418330000015,
      260.69395899999654,
      88.76604199997382,
      121.77599999995437,
      257.22595799999544,
      39.747959000000264,
      89.140625,
      258.6243329999852,
      92.85895800002618,
      128.9224169999943,
      268.8475000000326,
      136.28020799998194,
      178.5923330000369,
      278.6552499999525,
      104.74820900009945,
      139.07829200010747,
      278.2274159999797,
      91.67154200002551,
      125.1653749999823,
      291.86566599993967,
      47.59104099999968,
      133.79991599999994,
      279.47549999999865,
      102.61833300000035,
      91.88708299999962,
      260.15858300000036,
      123.24499999999534,
      162.36404200000106,
      264.20900000000256,
      93.22750000000815,
      127.01229199999943,
      263.5082500000135
    ]
  },
  "taro-vue2": {
    "babel": [
      221.90445900000032
    ]
  },
  "taro-vue3": {
    "babel": [
      266.4732920000006
    ]
  },
  "uni-app-webpack-vue2": {
    "babel": [
      229.45045800000025
    ]
  },
  "uni-app-vite-vue3": {
    "babel": [
      343.51820799999996
    ],
    "ast-grep": [
      383.23745800000006
    ]
  },
  "uni-app-webpack5-vue2": {
    "babel": [
      137.9354999999996
    ]
  }
}
