{
  "taro-vue3": {
    "babel": [
      299.6207919999997
    ]
  },
  "uni-app-webpack-vue2": {
    "babel": [
      333.6130840000005
    ]
  },
  "uni-app-vite-vue3": {
    "babel": [
      407.10620800000015
    ]
  },
  "mpx": {
    "ast-grep": [
      198.41645800000015,
      82.93049999999994,
      0.44474999999965803,
      0.48087500000019645,
      0.3068750000002183,
      0.33729199999925186,
      0.3029999999998836,
      177.18045900000016
    ],
    "babel": [
      56.320042000000285,
      0.4123749999998836,
      0.28104199999961565,
      0.254041999999572,
      0.29008299999986775,
      0.15333300000020245,
      414.02366600000005,
      58.01633300000003,
      0.42312500000025466,
      0.2867919999998776,
      0.13704099999995378,
      0.31787500000018554,
      0.14699999999993452,
      163.96729099999993,
      58.171416000000136,
      0.43241600000010294,
      0.2701250000000073,
      0.22695900000007896,
      0.2870839999995951,
      0.2022079999997004,
      168.16137499999968,
      59.312166000003344,
      46.585707999998704,
      54.928500000038184,
      68.22820800007321,
      55.720708000000286,
      0.4506249999994907,
      0.26050000000032014,
      0.13524999999935972,
      0.2887909999999465,
      0.2561249999998836,
      414.99183399999947,
      55.44804199999999,
      0.3734999999996944,
      0.3257499999999709,
      2.385124999999789,
      0.3132500000001528,
      0.18216600000050676,
      411.63866699999926
    ]
  },
  "uni-app-webpack5-vue2": {
    "babel": [
      157.14929099999972
    ]
  },
  "native-webpack": {
    "ast-grep": [
      46.14437500000031,
      4.8752499999973224,
      46.42341699999997,
      46.05899999999997,
      43.04666599999973,
      4.605208000000857,
      4.025292000002082,
      4.4802919999929145,
      35.39458400000012,
      5.762875000000349,
      4.265166999997746,
      3.9440410000097472,
      3.828332999997656,
      7.255208000016864,
      4.945624999993015,
      4.1018329999933485,
      48.27062500000011,
      46.45812500000011,
      5.698082999995677,
      45.771334000000024,
      4.850708999991184,
      4.3573340000002645,
      3.4884170000150334,
      4.3786659999750555,
      45.64766700000018,
      5.43133300000045,
      33.7576660000002
    ]
  }
}
