{
  "uni-app-vite-vue3": {
    "ast-grep": [
      306.63425000000007,
      41.45529199996963
    ]
  },
  "mpx": {
    "babel": [
      56.78616599999987,
      0.40933399999994435,
      0.35154099999999744,
      0.21095799999966403,
      0.28845900000033,
      0.172458000000006,
      351.19624999999996,
      322.7727920000325
    ]
  },
  "native-webpack": {
    "ast-grep": [
      50.79391600000008
    ]
  },
  "taro-react": {
    "ast-grep": [
      46.76641600000039,
      132.51016600000003,
      271.80583300000035
    ]
  },
  "taro-vue2": {
    "ast-grep": [
      138.59904200000028,
      44.208583000000544
    ]
  },
  "taro-vue3": {
    "ast-grep": [
      122.2241670000003,
      36.45375000000058,
      3.2188749999995707,
      68.43470799999977,
      3.875500000000102,
      147.29308299999957,
      138.64666600000055,
      9.36974999999984,
      25.398666999999477,
      36.86854200000016,
      98.45545799999991,
      114.48066599999947,
      10.09741700000086
    ]
  }
}
