{
  "uni-app-vite-vue3": {
    "ast-grep": [
      516.6839,
      418.6287000000002,
      417.3719000000001
    ],
    "babel": [
      460.32008300000007
    ]
  },
  "mpx": {
    "babel": [
      71.4722499999998,
      0.44720799999959127,
      0.3436250000004293,
      0.24808300000040617,
      0.3503340000006574,
      0.36195799999950395,
      384.8493330000001
    ]
  },
  "native-webpack": {
    "babel": [
      72.17737500000021
    ]
  },
  "rax": {
    "babel": [
      0.677958000000217,
      0.1777090000005046,
      0.31137499999931606,
      0.37466700000004494,
      0.29870800000026065,
      0.7028339999997115,
      152.0713340000002
    ]
  },
  "taro-react": {
    "babel": [
      291.7595419999998,
      208.4718329999996,
      626.1798749999998
    ]
  },
  "taro-vue2": {
    "babel": [
      259.30295900000056
    ]
  },
  "taro-vue3": {
    "babel": [
      310.36325000000033
    ]
  },
  "uni-app-webpack-vue2": {
    "babel": [
      385.59441700000025
    ]
  },
  "uni-app-webpack5-vue2": {
    "babel": [
      188.28229199999987
    ]
  }
}
