{
  "mpx": {
    "ast-grep": [
      73.23620800000026,
      0.7510419999998703,
      0.5383750000000873,
      0.518500000000131,
      0.5499579999996058,
      0.5137500000000728,
      186.77745799999866,
      256.8139580000002
    ]
  },
  "native-webpack": {
    "ast-grep": [
      31.204083999999966,
      30.502708999999868
    ]
  },
  "rax": {
    "ast-grep": [
      0.8033749999995052,
      0.7344999999995707,
      0.44741699999940465,
      0.6926249999996799,
      0.7278750000004948,
      0.6088749999998981,
      41.278291999999965,
      121.25475000000006
    ]
  },
  "taro-react": {
    "ast-grep": [
      149.15862500000003,
      207.66066599999976,
      272.95520899999974,
      106.67041700000118,
      139.8110000000015,
      259.6733750000003
    ]
  },
  "taro-vue2": {
    "ast-grep": [
      148.35745899999984,
      122.86820800000078
    ]
  },
  "taro-vue3": {
    "ast-grep": [
      288.02449999999953,
      170.58345800000097
    ]
  },
  "uni-app-webpack-vue2": {
    "ast-grep": [
      150.86412500000006,
      145.9081669999996
    ]
  },
  "uni-app-vite-vue3": {
    "ast-grep": [
      389.04595800000016,
      249.02649999999994
    ]
  },
  "uni-app-webpack5-vue2": {
    "ast-grep": [
      64.14029200000004,
      63.19812499999989
    ]
  }
}
