{
  "mpx": {
    "babel": [
      72.30812499999956,
      0.4225000000005821,
      0.2695830000002388,
      0.2944999999999709,
      0.2985419999995429,
      0.28074999999989814,
      348.64133400000173,
      381.3787910000001,
      73.9027500000002,
      2.1698749999995925,
      0.30208399999901303,
      0.22387499999967986,
      0.5360419999997248,
      0.25395899999966787,
      355.5492919999997
    ]
  },
  "native-webpack": {
    "babel": [
      56.41295799999989,
      50.94395799999984,
      61.07208300000002
    ]
  },
  "rax": {
    "babel": [
      0.47775000000001455,
      0.23745899999994435,
      0.43995799999993324,
      0.37120799999956944,
      0.34887500000058935,
      0.5736249999999927,
      103.16470899999968,
      1.0701250000001892,
      0.38329200000043784,
      0.5985410000002958,
      0.470499999999447,
      0.44737500000064756,
      0.363125000000764,
      205.7279579999995,
      163.22170800000004
    ]
  },
  "taro-react": {
    "babel": [
      367.21241700000064,
      186.21637499999997,
      589.1596659999996,
      283.9622500000005,
      182.66529199999968,
      610.7219580000001,
      353.6843749999989,
      281.1856250000001,
      571.6281250000011
    ]
  },
  "taro-vue2": {
    "babel": [
      241.2537080000002,
      248.33479200000056,
      340.6744170000002
    ]
  },
  "taro-vue3": {
    "babel": [
      523.6539590000011,
      271.13574999999946,
      394.08483300000034
    ]
  },
  "uni-app-webpack-vue2": {
    "babel": [
      319.3331250000001,
      292.94720899999993,
      288.3166249999995
    ]
  },
  "uni-app-vite-vue3": {
    "babel": [
      385.502708,
      407.3888750000001,
      381.9536250000001
    ]
  },
  "uni-app-webpack5-vue2": {
    "babel": [
      192.01529200000004,
      144.35679200000004,
      194.30549999999948
    ]
  }
}
