{
  "mpx": {
    "babel": [
      321.82737499999985,
      60.99195799999961,
      0.4785409999994954,
      0.3157499999997526,
      0.26258299999972223,
      0.3291660000004413,
      0.27666599999975006,
      435.8380420000012
    ]
  },
  "native-webpack": {
    "babel": [
      78.69283299999961,
      75.03679200000033
    ]
  },
  "rax": {
    "babel": [
      0.4787499999993088,
      0.34441700000024866,
      0.32845800000086456,
      0.5757499999999709,
      0.30204200000025594,
      0.418707999999242,
      117.93754099999933,
      1.0270409999993717,
      0.9480839999996533,
      0.5085410000001502,
      0.6332080000001952,
      0.4327499999999418,
      0.44370900000012625,
      117.20608300000004
    ]
  },
  "taro-react": {
    "babel": [
      479.5257499999989,
      481.5189999999984,
      581.8273339999996,
      292.88174999999865,
      207.0307499999999,
      579.6387500000001
    ]
  },
  "taro-vue2": {
    "babel": [
      244.49466699999994,
      235.98949999999968
    ]
  },
  "taro-vue3": {
    "babel": [
      300.9651670000003,
      299.1094159999993
    ]
  },
  "uni-app-webpack-vue2": {
    "babel": [
      304.60741599999983,
      343.9043750000001
    ]
  },
  "uni-app-vite-vue3": {
    "babel": [
      401.43108299999994,
      392.2092910000001
    ]
  },
  "uni-app-webpack5-vue2": {
    "babel": [
      161.70937499999945,
      175.54004199999963
    ]
  }
}
