{
  "mpx": {
    "ast-grep": [
      224.35804199999984,
      212.2476670000001,
      77.08508299999994,
      0.7789169999996375,
      0.5527080000001661,
      0.49783300000035524,
      0.4973330000002534,
      0.42983300000014424,
      214.5953750000008,
      282.69066599999996,
      183.4559159999999,
      108.18283299999894,
      2.1881670000002487,
      94.85654100000102,
      90.1002909999952,
      57.22087499999998,
      0.6602080000002388,
      1.386833999999908,
      0.6136249999999563,
      0.6127910000004704,
      0.4550829999998314,
      196.1921250000005,
      259.2657079999999,
      233.77658399999973,
      214.02729199999976,
      241.68329200000016,
      204.92191700000012
    ]
  },
  "native-webpack": {
    "ast-grep": [
      34,
      33.61175000000003,
      35.336291000000074
    ]
  },
  "rax": {
    "ast-grep": [
      108.55695800000012,
      0.7464580000000751,
      0.3597500000000764,
      0.4487920000001395,
      0.8834999999999127,
      0.6424589999996897,
      0.6280829999996058,
      37.87937499999953,
      0.7289580000006026,
      0.38833299999987503,
      0.6882920000007289,
      1.2018750000006548,
      0.6156659999996918,
      0.7548329999999623,
      47.07808300000033
    ]
  },
  "taro-react": {
    "ast-grep": [
      110.0853330000009,
      153.9767499999998,
      247.5005000000001,
      100.9455420000013,
      132.2765840000011,
      247.86570799999936,
      101.6661669999994,
      135.15191700000105,
      256.6529159999991
    ]
  },
  "taro-vue2": {
    "ast-grep": [
      107.38100000000031,
      115.04533300000003,
      118.41062499999953
    ]
  },
  "taro-vue3": {
    "ast-grep": [
      147.566334000001,
      162.9848750000001,
      149.2680419999997
    ]
  },
  "uni-app-webpack-vue2": {
    "ast-grep": [
      127.13929199999984,
      128.8907909999998,
      132.02712499999961
    ]
  },
  "uni-app-vite-vue3": {
    "ast-grep": [
      231.88845899999978,
      233.35237499999994,
      234.81849999999986,
      266.5888329999998,
      249.53487500000028,
      83.45712499999354,
      36.91079099998751
    ]
  },
  "uni-app-webpack5-vue2": {
    "ast-grep": [
      59.570250000000215,
      58.36641700000018,
      62.41120799999999
    ]
  }
}
