{
  "mpx": {
    "ast-grep": [
      53.25616700000046,
      0.6461669999998776,
      0.5757499999999709,
      0.42333400000006804,
      0.5622919999996157,
      0.508125000000291,
      207.86054199999853
    ]
  },
  "native-webpack": {
    "ast-grep": [
      32.644708000000264
    ]
  },
  "rax": {
    "ast-grep": [
      0.8072919999995065,
      0.416667000000416,
      0.3843750000005457,
      0.690708000000086,
      0.33104199999979755,
      0.596334000000752,
      46.824375000000146
    ]
  },
  "taro-react": {
    "ast-grep": [
      104.07129200000054,
      138.94979199999943,
      247.90458299999955
    ]
  },
  "taro-vue2": {
    "ast-grep": [
      111.44087500000023
    ]
  },
  "taro-vue3": {
    "ast-grep": [
      146.2912499999984
    ]
  },
  "uni-app-webpack-vue2": {
    "ast-grep": [
      162.2125420000002
    ]
  },
  "uni-app-vite-vue3": {
    "ast-grep": [
      220.35570800000005
    ]
  },
  "uni-app-webpack5-vue2": {
    "ast-grep": [
      61.07024999999976
    ]
  }
}
