{
  "mpx": {
    "babel": [
      49.7040420000003,
      0.5445419999996375,
      0.2845420000003287,
      0.19054099999993923,
      0.3064590000003591,
      0.22091600000021572,
      320.85150000000067,
      373.7766660000002,
      351.54224999999997,
      413.2227499999999,
      354.83912499999997
    ]
  },
  "native-webpack": {
    "babel": [
      67.83995800000002,
      65.34062499999982,
      68.6215830000001,
      79.88358300000027,
      68.31845800000019
    ]
  },
  "rax": {
    "babel": [
      0.43175000000064756,
      0.16237499999988358,
      0.37779200000022684,
      0.3346670000000813,
      0.22762499999953434,
      0.5192079999997077,
      151.74054200000046,
      172.41070899999977,
      0.6659170000002632,
      0.23170899999968242,
      0.26170900000033726,
      0.379624999999578,
      0.2504579999995258,
      0.5211660000004485,
      123.39133300000049,
      0.421291999999994,
      0.234958000000006,
      0.3918340000000171,
      0.34304100000008475,
      0.2735419999999067,
      0.5230000000001382,
      109.49725000000035,
      175.74108399999977
    ]
  },
  "taro-react": {
    "babel": [
      277.1234999999997,
      258.07904100000087,
      535.2590419999997,
      279.9158750000006,
      261.4553329999999,
      518.3435420000005,
      262.6107499999998,
      185.34866599999987,
      557.6783749999995,
      274.3928329999999,
      214.15137500000128,
      591.5458339999986,
      439.31979200000023,
      441.84812500000044,
      599.3953340000007
    ],
    "ast-grep": [
      15.621750000000247,
      18.266375000000153,
      28.603415999999925,
      125.82487499999843,
      160.89737499999865,
      271.99424999999974,
      98.90183400000387,
      132.06362500000978,
      258.69679200000246,
      38.75233399998979,
      117.89900000000489,
      256.63087500000256,
      67.15554199999315,
      101.77287499999511,
      253.83987500000512,
      72.17270899997675,
      103.42720899998676,
      255.5202500000014,
      86.57037499995204,
      119.03424999996787,
      263.0878340000054
    ]
  },
  "taro-vue2": {
    "babel": [
      272.61325000000033,
      346.66825000000017,
      225.99183399999947,
      239.35783400000037,
      333.92400000000043
    ]
  },
  "taro-vue3": {
    "babel": [
      402.03458300000057,
      356.52329199999986,
      279.46287499999926,
      143.12741600000027,
      384.4457080000002
    ],
    "ast-grep": [
      116.09470899999997,
      39.712000000000444,
      2.9474580000005517,
      252.60375000000022,
      8.790165999998862,
      81.34466699999757,
      78.09470800000418,
      278.4471249999988,
      8.518332999999984,
      158.1271250000009,
      146.00704200000018,
      173.85329199999978
    ]
  },
  "uni-app-webpack-vue2": {
    "babel": [
      355.71383400000013,
      286.8531659999999,
      318.8861659999993,
      302.6516249999995,
      279.98225
    ]
  },
  "uni-app-vite-vue3": {
    "babel": [
      388.77416600000015,
      372.48333300000013,
      377.3274160000001,
      380.23570800000016,
      377.242209
    ]
  },
  "uni-app-webpack5-vue2": {
    "babel": [
      157.765042,
      155.98962500000016,
      152.03575,
      154.38545800000065
    ]
  }
}
