{
  "mpx": {
    "babel": [
      60.957000000000335,
      0.5531250000003638,
      0.35066699999970297,
      0.3288750000001528,
      0.4540419999993901,
      0.31241700000009587,
      304.1972080000014,
      335.97133399999984,
      335.27637500000037,
      358.80904199999986,
      337.67295799999965
    ]
  },
  "native-webpack": {
    "babel": [
      52.80458299999964,
      49.90033399999993,
      55.54516599999988,
      49.61762499999986,
      47.667583999999806
    ]
  },
  "rax": {
    "babel": [
      0.4581669999997757,
      0.31079200000021956,
      1.121291000000383,
      0.31708300000036616,
      0.36958299999969313,
      0.5052919999998267,
      90.31937500000004,
      0.4200410000003103,
      0.3112920000003214,
      0.36508299999968585,
      0.3773750000000291,
      0.3041659999998956,
      0.5232919999998558,
      95.73987500000021,
      0.4667909999998301,
      0.2472090000001117,
      0.28637500000058935,
      0.7660830000004353,
      0.4385000000002037,
      0.35737499999959255,
      90.77799999999934,
      0.43491699999958655,
      0.2114579999997659,
      0.2991249999995489,
      0.4025000000001455,
      2.8789999999999054,
      0.47208299999965675,
      85.82733300000018,
      0.43087500000001455,
      0.21912499999962165,
      0.4772080000002461,
      0.2982080000001588,
      0.29249999999956344,
      0.5032919999994192,
      99.50554199999988
    ]
  },
  "taro-react": {
    "babel": [
      298.48862499999996,
      179.94779200000085,
      540.6140409999989,
      319.6509590000005,
      184.4137499999997,
      535.4119579999988,
      292.4037499999995,
      179.8925419999996,
      514.6360409999998,
      305.0401670000001,
      179.75808400000096,
      513.9226670000007,
      288.84900000000016,
      174.78858299999956,
      515.4673750000002
    ]
  },
  "taro-vue2": {
    "babel": [
      230.70829200000026,
      220.46095800000057,
      222.29095899999993,
      228.3127089999998,
      229.82633299999998
    ]
  },
  "taro-vue3": {
    "babel": [
      250.55141600000024,
      251.5338329999995,
      247.77720899999986,
      259.70300000000134,
      249.175792
    ]
  },
  "uni-app-webpack-vue2": {
    "babel": [
      331.404125,
      232.05595799999992,
      312.36783300000025,
      279.8185000000003,
      232.52987500000017
    ]
  },
  "uni-app-vite-vue3": {
    "babel": [
      345.37770899999987,
      358.91945799999985,
      344.8653339999996,
      364.40495899999996,
      355.2846669999999
    ],
    "ast-grep": [
      280.06754200000023,
      299.887917,
      345.6820829999997,
      249.48362499999985,
      105.96483299997635,
      111.52233400003752,
      36.91462500003399
    ]
  },
  "uni-app-webpack5-vue2": {
    "babel": [
      128.12350000000015,
      136.43016699999998,
      135.90837499999998,
      142.3589579999998,
      134.26137500000004
    ]
  }
}
