{
  "uni-app-vite-vue3": {
    "ast-grep": [
      322.514584,
      40.242207999996026,
      38.26450000000477,
      38.64858300000196,
      40.31979200000933,
      39.528375000008964,
      60.77529200000572,
      34.39450000002398,
      37.11254199995892,
      38.384374999965075,
      36.28454199997941,
      296.86912500000017,
      277.0307499999999,
      307.0706250000003,
      432.7510000000002
    ],
    "babel": [
      375.7127910000004
    ]
  },
  "mpx": {
    "babel": [
      57.329499999999825,
      0.3644590000003518,
      0.28741600000012113,
      0.4177909999998519,
      0.3047500000002401,
      0.5343750000001819,
      378.82258399999955
    ]
  },
  "native-webpack": {
    "babel": [
      57.72545799999989
    ]
  },
  "rax": {
    "babel": [
      0.4957079999994676,
      0.29366700000082346,
      0.5097079999995913,
      0.34616600000026665,
      0.43345899999985704,
      0.4306669999996302,
      99.50124999999935
    ]
  },
  "taro-react": {
    "babel": [
      268.02170900000056,
      280.10791699999936,
      548.7434999999987
    ]
  },
  "taro-vue2": {
    "babel": [
      240.05662499999926
    ]
  },
  "taro-vue3": {
    "babel": [
      294.1788749999996
    ]
  },
  "uni-app-webpack-vue2": {
    "babel": [
      340.0977919999996
    ]
  },
  "uni-app-webpack5-vue2": {
    "babel": [
      157.14033299999983
    ]
  }
}
