{
  "mpx": {
    "babel": [
      52.468832999999904,
      0.3685829999994894,
      0.2696249999999054,
      0.2007080000003043,
      0.2417089999999007,
      0.3633330000002388,
      296.4194580000003
    ]
  },
  "native-webpack": {
    "babel": [
      55.36308300000019
    ]
  },
  "rax": {
    "babel": [
      0.4593329999997877,
      0.2527090000003227,
      0.37062500000047294,
      0.2937080000001515,
      0.6567919999997684,
      0.42062500000065484,
      89.45583299999998
    ]
  },
  "taro-react": {
    "babel": [
      299.39129200000025,
      183.03766599999835,
      516.1206250000014
    ]
  },
  "taro-vue2": {
    "babel": [
      221.90445900000032
    ]
  },
  "taro-vue3": {
    "babel": [
      266.4732920000006
    ]
  },
  "uni-app-webpack-vue2": {
    "babel": [
      229.45045800000025
    ]
  },
  "uni-app-vite-vue3": {
    "babel": [
      343.51820799999996
    ]
  },
  "uni-app-webpack5-vue2": {
    "babel": [
      137.9354999999996
    ]
  }
}
