{
  "mpx": {
    "babel": [
      53.99820799999998,
      0.4781669999993028,
      0.34054199999991397,
      0.3685409999998228,
      0.37374999999974534,
      0.304667000000336,
      270.44416699999965,
      312.1409590000003,
      56.76008300000012,
      0.3849579999996422,
      0.36445800000001327,
      0.2474160000001575,
      0.2367919999996957,
      0.17508299999917654,
      349.3507919999993,
      347.88850000000093,
      347.7732079999987,
      259.99783300000126,
      53.83262500000001,
      0.4605829999991329,
      0.36616700000013225,
      0.15204199999971024,
      0.3134589999999662,
      0.19500000000061846,
      272.93112499999916,
      326.0502080000001
    ]
  },
  "native-webpack": {
    "babel": [
      44.47162500000013,
      43.88416700000016,
      45.68058299999984,
      48.10299999999961
    ]
  },
  "rax": {
    "babel": [
      0.45624999999972715,
      0.27395800000022064,
      0.35912499999994907,
      0.36687499999970896,
      0.28025000000070577,
      0.4981660000003103,
      82.05883300000005,
      0.9701249999998254,
      0.21420900000020993,
      0.39274999999997817,
      0.690708000000086,
      0.43479100000013204,
      0.34008399999993344,
      83.09570800000074,
      0.44087500000023283,
      0.2615000000000691,
      0.3913750000001528,
      0.40595900000016627,
      0.3105000000000473,
      0.5024999999995998,
      84.4393340000006,
      153.3643750000001
    ]
  },
  "taro-react": {
    "babel": [
      255.08154100000047,
      206.72950000000037,
      498.5057909999996,
      292.7899589999997,
      169.6248340000002,
      496.0542089999999,
      257.9488330000004,
      169.8227909999996,
      501.33095799999865,
      294.55983299999934,
      175.12929200000144,
      515.1238750000011
    ]
  },
  "taro-vue2": {
    "babel": [
      209.74175000000014,
      206.90320799999972,
      207.57595800000036,
      311.0707080000002
    ]
  },
  "taro-vue3": {
    "babel": [
      231.40245800000048,
      331.9730840000011,
      247.80625000000146,
      366.46725000000015
    ]
  },
  "uni-app-webpack-vue2": {
    "babel": [
      244.883417,
      235.97825000000012,
      238.99229099999957,
      263.24345900000026
    ]
  },
  "uni-app-vite-vue3": {
    "babel": [
      316.577667,
      326.648917,
      317.7092080000002,
      345.94329100000004
    ]
  },
  "uni-app-webpack5-vue2": {
    "babel": [
      122.32166600000028,
      115.52741699999979,
      123.32500000000027,
      137.57883399999992
    ]
  }
}
