{
  "mpx": {
    "babel": [
      359.50804100000005,
      416.4710829999999
    ]
  },
  "native-webpack": {
    "babel": [
      61.08416699999998,
      61.11508300000014
    ]
  },
  "rax": {
    "babel": [
      0.5599169999995866,
      0.26541699999961565,
      0.4835830000001806,
      0.39691599999969185,
      0.35183299999971496,
      0.5398749999994834,
      106.13470900000084,
      0.5561250000000655,
      0.25091599999996106,
      0.2969170000005761,
      0.3519589999996242,
      0.2424170000003869,
      0.5261669999999867,
      101.05612500000007
    ]
  },
  "taro-react": {
    "babel": [
      268.59487499999886,
      221.7240410000013,
      583.078207999999,
      261.4369999999999,
      253.92716699999983,
      539.1100420000002
    ]
  },
  "taro-vue2": {
    "babel": [
      316.0147079999997,
      236.47483300000022
    ]
  },
  "taro-vue3": {
    "babel": [
      268.4487909999998,
      355.70116600000074
    ]
  },
  "uni-app-webpack-vue2": {
    "babel": [
      340.88287500000024,
      269.0442919999996
    ]
  },
  "uni-app-vite-vue3": {
    "babel": [
      436.0115840000003,
      371.76808299999993
    ],
    "ast-grep": [
      392.4871250000001,
      271.61079199999995
    ]
  },
  "uni-app-webpack5-vue2": {
    "babel": [
      138.16820800000005,
      151.3448330000001
    ]
  }
}
