{
  "mpx": {
    "babel": [
      487.7226249999994,
      416.4848329999995,
      428.064292
    ],
    "ast-grep": [
      314.82545800000025,
      279.65454199999976
    ]
  },
  "rax": {
    "ast-grep": [
      0.596958000000086,
      0.28937499999938154,
      0.6166250000005675,
      0.47299999999995634,
      0.3953329999994821,
      0.4044999999996435,
      127.65845899999931
    ],
    "babel": [
      0.6556659999996555,
      0.32920799999919836,
      0.3765419999999722,
      0.40349999999943975,
      0.3735420000002705,
      0.3663329999999405,
      121.28899999999976
    ]
  },
  "taro-react": {
    "ast-grep": [
      136.28429200000028,
      175.91100000000006,
      348.5291249999991,
      145.95529199999874,
      184.98070899999948,
      318.6592499999988,
      140.39241599999878,
      180.00683299999946,
      364.6810829999995
    ],
    "babel": [
      452.2231670000001,
      454.8098339999997,
      750.4397499999995
    ]
  },
  "taro-vue3": {
    "ast-grep": [
      143.26650000000063,
      140.53950000000077,
      10.233167000000321
    ],
    "babel": [
      411.6799170000013
    ]
  },
  "uni-app-webpack-vue2": {
    "ast-grep": [
      343.4778749999996,
      203.11758299999929
    ],
    "babel": [
      318.16291699999965
    ]
  },
  "uni-app-webpack5-vue2": {
    "ast-grep": [
      207.37020799999937
    ],
    "babel": [
      180.4900830000006
    ]
  },
  "uni-app-vite-vue3": {
    "ast-grep": [
      318.51237499999934
    ],
    "babel": [
      405.457167
    ]
  },
  "native-webpack": {
    "babel": [
      56.18312500000002
    ]
  },
  "taro-vue2": {
    "babel": [
      564.3912499999997
    ]
  }
}
