{
  "mpx": {
    "babel": [
      67.83966700000019,
      0.4032500000002983,
      0.3015420000001541,
      0.16937499999949068,
      0.34558300000026065,
      0.18204200000036508,
      457.0346669999999,
      435.4945419999999,
      58.65266700000029,
      0.4162499999993088,
      0.30483299999923474,
      0.4499580000001515,
      0.3349579999994603,
      0.23741699999936827,
      391.77737499999967,
      60.48083299999962,
      0.4670410000007905,
      0.3551660000002812,
      0.2548339999993914,
      0.3100000000004002,
      0.22299999999995634,
      328.02187500000036,
      357.7150419999998,
      360.4739159999999
    ],
    "ast-grep": [
      290.6162079999999,
      235.38675000000512
    ]
  },
  "native-webpack": {
    "ast-grep": [
      37.42037500000015
    ],
    "babel": [
      54.60383300000012,
      53.589874999999665
    ]
  },
  "rax": {
    "ast-grep": [
      0.5116250000000946,
      0.3186249999998836,
      0.25420800000028976,
      0.5419999999994616,
      0.5456659999999829,
      0.3442079999995258,
      53.5868330000003
    ],
    "babel": [
      0.4640420000005179,
      0.16704200000003766,
      0.368333999999777,
      0.3720419999999649,
      0.3241669999997612,
      0.6432080000004134,
      95.70720800000072,
      195.49887500000023
    ]
  },
  "taro-react": {
    "ast-grep": [
      122.03166699999929,
      167.2442090000004,
      337.05474999999933
    ],
    "babel": [
      290.8029170000009,
      265.7439169999998,
      558.8467499999988,
      262.44008399999984,
      243.44912499999919,
      569.5024590000012
    ]
  },
  "taro-vue2": {
    "ast-grep": [
      130.42945899999995
    ],
    "babel": [
      248.6972079999996,
      331.9038330000003
    ]
  },
  "taro-vue3": {
    "ast-grep": [
      169.11333399999967
    ],
    "babel": [
      331.9117500000011,
      366.18070799999987
    ]
  },
  "uni-app-webpack-vue2": {
    "ast-grep": [
      151.45145800000046
    ],
    "babel": [
      288.47108300000036,
      267.26970900000015
    ]
  },
  "uni-app-vite-vue3": {
    "ast-grep": [
      257.7928750000001
    ],
    "babel": [
      554.7225420000004,
      369.7567079999999
    ]
  },
  "uni-app-webpack5-vue2": {
    "ast-grep": [
      66.78295800000024
    ],
    "babel": [
      135.07729199999994,
      141.96366700000044
    ]
  }
}
