{
  "mpx": {
    "ast-grep": [
      53.25616700000046,
      0.6461669999998776,
      0.5757499999999709,
      0.42333400000006804,
      0.5622919999996157,
      0.508125000000291,
      207.86054199999853,
      51.730749999999716,
      0.7165000000004511,
      0.5808750000005602,
      0.5860839999995733,
      0.5872920000001614,
      0.3583340000004682,
      155.00062499999876
    ]
  },
  "native-webpack": {
    "ast-grep": [
      32.644708000000264,
      35.56816700000036
    ]
  },
  "rax": {
    "ast-grep": [
      0.8072919999995065,
      0.416667000000416,
      0.3843750000005457,
      0.690708000000086,
      0.33104199999979755,
      0.596334000000752,
      46.824375000000146,
      0.7626249999993888,
      0.4144590000005337,
      0.7447499999998399,
      0.7165409999997792,
      0.5093749999996362,
      1.075582999999824,
      44.01458400000047
    ]
  },
  "taro-react": {
    "ast-grep": [
      104.07129200000054,
      138.94979199999943,
      247.90458299999955,
      121.41450000000077,
      165.98025000000052,
      246.53512500000033
    ]
  },
  "taro-vue2": {
    "ast-grep": [
      111.44087500000023,
      113.77233299999989
    ]
  },
  "taro-vue3": {
    "ast-grep": [
      146.2912499999984,
      243.19337499999892
    ]
  },
  "uni-app-webpack-vue2": {
    "ast-grep": [
      162.2125420000002,
      131.76324999999997
    ]
  },
  "uni-app-vite-vue3": {
    "ast-grep": [
      220.35570800000005,
      229.2790829999999
    ]
  },
  "uni-app-webpack5-vue2": {
    "ast-grep": [
      61.07024999999976,
      69.59974999999986
    ]
  }
}
