{
  "mpx": {
    "ast-grep": [
      56.10679100000016,
      0.6454580000008718,
      0.542833000000428,
      0.5832089999994423,
      0.5580829999998969,
      0.40658299999995506,
      184.08987500000057
    ]
  },
  "native-webpack": {
    "ast-grep": [
      31.050457999999708
    ]
  },
  "rax": {
    "ast-grep": [
      0.8427910000000338,
      0.6066660000005868,
      0.6575829999992493,
      0.8367499999994834,
      1.8222500000001673,
      0.8210830000007263,
      49.10450000000037
    ]
  },
  "taro-react": {
    "ast-grep": [
      103.83720799999901,
      136.71750000000065,
      248.54525000000103
    ]
  },
  "taro-vue2": {
    "ast-grep": [
      104.15954200000033
    ]
  },
  "taro-vue3": {
    "ast-grep": [
      143.17874999999913
    ]
  },
  "uni-app-webpack-vue2": {
    "ast-grep": [
      132.38654099999985
    ]
  },
  "uni-app-vite-vue3": {
    "ast-grep": [
      227.2058750000001
    ]
  },
  "uni-app-webpack5-vue2": {
    "ast-grep": [
      61.30183399999987
    ]
  }
}
