{
  "mpx": {
    "babel": [
      72.29745900000034,
      0.3817079999998896,
      0.3456669999995938,
      0.2965830000002825,
      0.28016699999989214,
      0.356459000000541,
      387.7802499999998
    ]
  },
  "native-webpack": {
    "babel": [
      70.62429199999997
    ]
  },
  "rax": {
    "babel": [
      0.5487499999999272,
      0.17712500000016007,
      0.534125000000131,
      0.43174999999973807,
      0.5255409999999756,
      0.4805420000002414,
      113.66391700000077
    ]
  },
  "taro-react": {
    "babel": [
      265.5277920000008,
      192.65362500000083,
      585.2932079999991
    ]
  },
  "taro-vue2": {
    "babel": [
      243.77095800000006
    ]
  },
  "taro-vue3": {
    "babel": [
      275.98333400000047
    ]
  },
  "uni-app-webpack-vue2": {
    "babel": [
      275.2147500000001
    ]
  },
  "uni-app-vite-vue3": {
    "babel": [
      369.90808400000014
    ]
  },
  "uni-app-webpack5-vue2": {
    "babel": [
      156.51324999999997
    ]
  }
}
