{
  "mpx": {
    "babel": [
      55.22020800000064,
      0.4853750000002037,
      0.2928329999995185,
      0.1452079999999114,
      0.34787499999947613,
      0.2337919999990845,
      337.0881250000002,
      308.85541699999976
    ]
  },
  "native-webpack": {
    "babel": [
      74.14666699999998,
      75.41154200000028
    ]
  },
  "rax": {
    "babel": [
      0.49170799999956216,
      0.1821250000002692,
      0.3434589999997115,
      0.40204200000061974,
      0.21733399999993708,
      0.49058400000012625,
      108.09358299999985,
      0.5455409999995027,
      0.18366599999990285,
      0.6111250000003565,
      0.3117499999998472,
      0.4007080000001224,
      0.187207999999373,
      117.4357089999994
    ]
  },
  "taro-react": {
    "babel": [
      276.6244170000009,
      194.43691699999908,
      583.4943330000006,
      420.70950000000084,
      424.21608300000116,
      568.8772909999989
    ]
  },
  "taro-vue2": {
    "babel": [
      258.99062500000036,
      239.9526250000008
    ]
  },
  "taro-vue3": {
    "babel": [
      300.59550000000127,
      288.8613749999986
    ]
  },
  "uni-app-webpack-vue2": {
    "babel": [
      309.5272500000001,
      291.7564169999996
    ]
  },
  "uni-app-vite-vue3": {
    "babel": [
      425.84466699999984,
      383.1775829999997
    ]
  },
  "uni-app-webpack5-vue2": {
    "babel": [
      165.10337500000014,
      160.62199999999984
    ]
  }
}
