{
  "mpx": {
    "babel": [
      49.7040420000003,
      0.5445419999996375,
      0.2845420000003287,
      0.19054099999993923,
      0.3064590000003591,
      0.22091600000021572,
      320.85150000000067,
      373.7766660000002
    ]
  },
  "native-webpack": {
    "babel": [
      67.83995800000002,
      65.34062499999982
    ]
  },
  "rax": {
    "babel": [
      0.43175000000064756,
      0.16237499999988358,
      0.37779200000022684,
      0.3346670000000813,
      0.22762499999953434,
      0.5192079999997077,
      151.74054200000046,
      172.41070899999977
    ]
  },
  "taro-react": {
    "babel": [
      277.1234999999997,
      258.07904100000087,
      535.2590419999997,
      279.9158750000006,
      261.4553329999999,
      518.3435420000005
    ],
    "ast-grep": [
      15.621750000000247,
      18.266375000000153,
      28.603415999999925,
      125.82487499999843,
      160.89737499999865,
      271.99424999999974,
      98.90183400000387,
      132.06362500000978,
      258.69679200000246,
      38.75233399998979,
      117.89900000000489,
      256.63087500000256,
      67.15554199999315,
      101.77287499999511,
      253.83987500000512,
      72.17270899997675,
      103.42720899998676,
      255.5202500000014,
      86.57037499995204,
      119.03424999996787,
      263.0878340000054
    ]
  },
  "taro-vue2": {
    "babel": [
      272.61325000000033,
      346.66825000000017
    ]
  },
  "taro-vue3": {
    "babel": [
      402.03458300000057,
      356.52329199999986
    ]
  },
  "uni-app-webpack-vue2": {
    "babel": [
      355.71383400000013,
      286.8531659999999
    ]
  },
  "uni-app-vite-vue3": {
    "babel": [
      388.77416600000015,
      372.48333300000013
    ]
  },
  "uni-app-webpack5-vue2": {
    "babel": [
      157.765042,
      155.98962500000016
    ]
  }
}
