{
  "mpx": {
    "ast-grep": [
      54.68212500000027,
      2.8009579999998095,
      0.5895000000000437,
      0.32854200000019773,
      0.5565839999999298,
      0.33354099999996834,
      173.0995839999996,
      53.98045899999988,
      0.7764589999997042,
      0.7015420000006998,
      0.5568750000002183,
      0.5583329999999478,
      1.1146669999998267,
      161.03449999999975,
      57.77808300000015,
      0.7065419999998994,
      0.5505409999996118,
      0.33537499999965803,
      0.5383750000000873,
      0.5422920000000886,
      172.954416999999
    ],
    "babel": [
      320.453,
      314.7137499999999,
      322.4174589999998
    ]
  },
  "native-webpack": {
    "ast-grep": [
      34.62237499999992,
      31.943667000000005
    ],
    "babel": [
      44.5730410000001,
      43.906375000000025
    ]
  },
  "rax": {
    "ast-grep": [
      0.7711249999993015,
      0.32287499999983993,
      0.7029999999995198,
      0.7367080000003625,
      0.3669579999996131,
      0.6274999999995998,
      38.861290999999255
    ],
    "babel": [
      137.20629099999996
    ]
  },
  "taro-react": {
    "ast-grep": [
      95.08029199999874,
      128.58774999999878,
      243.0888329999998,
      93.4044589999994,
      126.43466699999954,
      246.9259579999998
    ],
    "babel": [
      230.43762500000048,
      258.99433300000055,
      513.2296249999999,
      312.6265830000002,
      176.12545800000044,
      507.57424999999967
    ]
  },
  "taro-vue2": {
    "ast-grep": [
      103.660167
    ],
    "babel": [
      197.6783749999995
    ]
  },
  "taro-vue3": {
    "ast-grep": [
      135.430957999999
    ],
    "babel": [
      250.44745800000055
    ]
  },
  "uni-app-webpack-vue2": {
    "ast-grep": [
      132.60720899999978
    ],
    "babel": [
      362.58158399999957
    ]
  },
  "uni-app-vite-vue3": {
    "ast-grep": [
      226.2791669999997
    ],
    "babel": [
      334.6692499999999
    ]
  }
}
