{
  "mpx": {
    "ast-grep": [
      56.822000000000116,
      0.9579160000002958,
      0.6184159999993426,
      0.33904100000017934,
      0.6117500000000291,
      0.4555000000000291,
      272.0660420000004,
      229.24920799999973,
      212.61141700000007,
      226.74391700000024,
      208.58937500000002,
      214.4122500000003,
      225.31354200000033,
      216.81133299999965,
      243.0888329999998,
      233.7620420000003,
      202.03695800000014,
      238.1853329999999,
      209.05245799999966
    ],
    "babel": [
      347.0277500000002,
      369.3632499999999,
      347.46587499999987,
      446.05854199999976,
      388.33616699999993,
      367.99366599999985,
      348.8648330000001,
      349.2808750000004,
      342.44895799999995,
      378.6307499999998,
      343.8137499999998,
      344.11345800000026
    ]
  },
  "native-webpack": {
    "ast-grep": [
      160.32420900000034,
      40.52629200000001,
      52.796875,
      44.642125000000306,
      39.66474999999991,
      40.679167000000234,
      40.265292000000045,
      38.607874999999694,
      42.559541999999965,
      40.422917000000325,
      41.42395799999986,
      42.818333000000166,
      41.593417000000045
    ],
    "babel": [
      67.30491699999993,
      51.55266700000038,
      42.835791999999856,
      54.273249999999734,
      53.51304100000016,
      57.58804199999986,
      48.70966700000008,
      50.13779199999999,
      45.87587499999972,
      46.50616699999955,
      54.40933300000006,
      49.71704200000022
    ]
  },
  "rax": {
    "ast-grep": [
      0.8054170000004888,
      0.6429589999997916,
      0.5127910000001066,
      0.8193750000000364,
      1.2319170000000668,
      0.5879580000000715,
      166.7750420000002,
      0.7522909999997864,
      0.3289580000000569,
      0.6534170000004451,
      0.6875420000005761,
      0.3085829999999987,
      0.7264999999997599,
      48.96804200000042,
      159.0087910000002,
      131.7056249999996,
      121.20566700000018,
      121.23208300000033,
      113.52466700000014,
      108.57658299999957,
      144.90883299999996,
      114.55499999999984,
      111.05483400000003,
      120.71791699999994,
      146.26412500000015
    ],
    "babel": [
      149.28962500000034,
      160.446375,
      146.06012499999997,
      235.53516600000012,
      157.46958300000006,
      148.603834,
      147.6098750000001,
      154.11358299999984,
      152.2189589999998,
      160.13183300000037,
      164.11816700000008,
      155.69945899999993
    ]
  },
  "taro-react": {
    "ast-grep": [
      268.00079200000073,
      314.06645800000115,
      266.68612499999836,
      109.35699999999997,
      144.03750000000036,
      267.09929100000045,
      117.42516699999942,
      160.31512499999917,
      252.35291599999982,
      112.87850000000071,
      146.43666699999994,
      257.3431249999994,
      118.41629199999988,
      164.32991700000093,
      269.520833999999,
      127.56725000000006,
      171.71654200000012,
      253.13029199999983,
      100.8140829999993,
      140.8849169999994,
      245.0465409999997,
      99.69158400000015,
      142.05383400000028,
      255.89645800000108,
      126.54991700000028,
      172.83995900000082,
      279.6520839999994,
      116.63441700000112,
      160.14950000000135,
      249.62895800000115,
      96.05654200000026,
      129.2146670000002,
      257.121208999999,
      93.01429199999984,
      126.80583400000069,
      255.72683300000062,
      110.79799999999886,
      155.7972090000003,
      256.49274999999943
    ],
    "babel": [
      307.40550000000076,
      178.8547090000011,
      520.381625,
      498.3936250000006,
      499.9957919999997,
      584.869666999999,
      289.12695899999926,
      178.66741699999875,
      502.994999999999,
      247.34520899999916,
      185.93366700000115,
      615.053750000001,
      240.50795800000014,
      253.10824999999932,
      517.6973749999997,
      318.94137500000033,
      191.21904099999847,
      528.0732500000013,
      302.9709590000002,
      182.17066599999998,
      526.6193329999987,
      243.0467090000002,
      271.6952079999992,
      530.4452500000007,
      243.38966700000128,
      262.75816699999996,
      498.79620799999975,
      254.1487500000003,
      279.0550000000003,
      517.8557919999985,
      248.1994169999998,
      266.5348749999994,
      533.4917499999992,
      305.75183300000026,
      173.4908749999995,
      551.1359170000014
    ]
  },
  "taro-vue2": {
    "ast-grep": [
      234.578125,
      141.14687500000036,
      124.05341600000065,
      111.34695800000009,
      117.57787499999995,
      122.9995829999998,
      112.8076659999997,
      112.69016699999975,
      123.43920899999921,
      111.5332499999995,
      111.5556660000002,
      119.62141700000029,
      141.5463749999999
    ],
    "babel": [
      209.8023750000002,
      216.0965840000008,
      220.4970830000002,
      200.51537499999995,
      217.02887499999997,
      215.2131249999993,
      215.910167,
      216.32437500000015,
      216.80637500000012,
      207.2288749999998,
      213.7177499999998,
      220.9352090000002
    ]
  },
  "taro-vue3": {
    "ast-grep": [
      268.09429099999943,
      139.75733299999956,
      150.8755000000001,
      176.1012499999997,
      142.64670900000056,
      153.65845799999988,
      162.919249999999,
      191.37691600000107,
      149.50704099999894,
      180.0800420000014,
      167.62154199999895,
      150.02454200000102,
      153.93908399999964
    ],
    "babel": [
      262.09095799999886,
      376.38908400000037,
      378.0712079999994,
      261.4631669999999,
      457.55745899999965,
      273.2542080000003,
      416.57633299999907,
      267.8199999999997,
      362.6275000000005,
      373.57508400000006,
      379.12591600000087,
      343.12104200000067
    ]
  },
  "uni-app-webpack-vue2": {
    "ast-grep": [
      277.05604200000016,
      143.104292,
      143.0320839999995,
      149.3108339999999,
      193.81104200000027,
      156.29262500000004,
      153.66362500000014,
      153.87520799999947,
      149.19254200000069,
      138.50445800000034,
      197.31466699999964,
      146.42975000000024,
      145.02608300000065
    ],
    "babel": [
      253.90487500000017,
      257.95758300000034,
      306.5234580000006,
      262.44195799999943,
      255.74279099999967,
      381.74412500000017,
      270.1119170000002,
      244.0889590000006,
      265.40900000000056,
      264.9372090000006,
      267.8346249999995,
      255.4552080000003
    ]
  },
  "uni-app-vite-vue3": {
    "ast-grep": [
      371.0243330000003,
      238.44379200000003,
      254.09295800000018,
      242.13579100000015,
      325.8919169999999,
      256.7883750000001,
      248.34100000000035,
      240.29449999999997,
      246.70125000000007,
      246.37358399999994,
      260.7281250000001,
      270.207167,
      242.55920800000013
    ],
    "babel": [
      346.38508299999967,
      361.787875,
      382.2735419999999,
      348.6840420000003,
      354.11566700000003,
      368.9747910000001,
      357.98675000000003,
      345.29316700000027,
      339.43216699999994,
      394.3756250000001,
      421.34916699999985,
      358.49066600000015
    ]
  },
  "uni-app-webpack5-vue2": {
    "babel": [
      132.6359580000003,
      134.90075000000024,
      132.7576250000002,
      131.49841600000036,
      128.36400000000003,
      131.08424999999988,
      136.4359999999997,
      137.21462500000007
    ],
    "ast-grep": [
      69.54329099999995,
      73.44320900000002,
      69.14566700000023,
      67.74562500000002,
      71.265625,
      70.55912500000022,
      69.16766599999983
    ]
  }
}
