{
  "mpx": {
    "babel": [
      1.0009170000002996,
      0.4543329999996786,
      0.28858300000047166,
      0.24858299999959854,
      0.3726669999996375,
      0.34587499999997817,
      460.91833300000053
    ]
  },
  "native-webpack": {
    "babel": [
      118.17679199999998
    ]
  },
  "rax": {
    "babel": [
      0.5688329999998132,
      0.24295800000027157,
      0.18879100000003746,
      0.3735830000000533,
      0.3650830000001406,
      0.5168750000002547,
      133.09783300000072
    ]
  },
  "taro-react": {
    "babel": [
      267.30083399999967,
      160.65591700000004,
      255.41520800000035
    ]
  },
  "taro-vue2": {
    "babel": [
      244.70050000000083
    ]
  },
  "taro-vue3": {
    "babel": [
      293.0947079999996
    ]
  },
  "uni-app-webpack-vue2": {
    "babel": [
      304.8258340000002
    ]
  },
  "uni-app-vite-vue3": {
    "babel": [
      431.22458400000005
    ]
  },
  "uni-app-webpack5-vue2": {
    "babel": [
      185.37379199999987
    ]
  }
}
