{
  "mpx": {
    "babel": [
      0.9233750000003056,
      0.4260409999997137,
      0.2609159999997246,
      0.1279580000000351,
      0.3992920000000595,
      0.2707909999999174,
      409.8337080000001,
      439.562958,
      2.0593330000001515,
      0.5365830000000642,
      0.40362499999991996,
      0.283582999999453,
      0.506916999999703,
      0.4465829999999187,
      593.6341670000002,
      633.0852920000002
    ]
  },
  "native-webpack": {
    "babel": [
      119.32625000000007,
      119.79220799999985,
      176.22041600000057,
      169.6656670000002
    ]
  },
  "rax": {
    "babel": [
      0.4555000000000291,
      0.2310419999998885,
      0.2797080000000278,
      0.27816699999993943,
      0.2939169999999649,
      0.5333340000001954,
      135.91066699999965,
      196.29749999999967,
      0.8937089999999444,
      0.40116699999998673,
      0.39104200000019773,
      0.3998750000000655,
      0.3440419999997175,
      0.6356250000008004,
      204.24845800000003,
      282.6875
    ]
  },
  "taro-react": {
    "babel": [
      345.82658400000037,
      169.66362499999923,
      248.57483299999876,
      424.4631249999993,
      425.25766699999986,
      278.2699999999986,
      394.3243340000008,
      422.7634170000001,
      395.9867910000012,
      513.0957920000001,
      225.670709,
      366.55875000000015
    ]
  },
  "taro-vue3": {
    "babel": [
      364.6696670000001,
      329.8056250000004,
      437.66820799999914,
      521.5020409999997
    ]
  },
  "uni-app-webpack-vue2": {
    "babel": [
      318.0352919999996,
      288.84433400000034,
      448.4562080000005,
      413.9221669999997
    ]
  },
  "uni-app-vite-vue3": {
    "babel": [
      464.873916,
      445.116583,
      678.3652910000001,
      660.9654590000005
    ]
  },
  "uni-app-webpack5-vue2": {
    "babel": [
      167.01733300000024,
      170.21162500000037,
      246.78483300000062,
      249.22599999999966
    ]
  }
}
