{
  "mpx": {
    "babel": [
      0.8178749999997308,
      0.3904159999992771,
      0.42595799999980954,
      0.2715829999997368,
      0.5231659999999465,
      0.21737500000017462,
      429.59099999999944,
      54.618749999999636,
      0.3663749999996071,
      0.3115410000000338,
      0.13475000000016735,
      0.29666699999961565,
      0.3102499999995416,
      440.1631249999991
    ]
  },
  "native-webpack": {
    "babel": [
      123.28837499999963,
      142.7562499999999
    ]
  },
  "rax": {
    "babel": [
      0.4412919999999758,
      0.2697090000001481,
      0.3108750000001237,
      0.42479199999979755,
      0.2610420000000886,
      0.4794999999999163,
      133.82404099999985,
      0.45875000000023647,
      0.13179200000013225,
      0.2699579999998605,
      0.10099999999965803,
      0.27804199999991397,
      0.5110829999998714,
      136.2332080000001
    ]
  },
  "taro-react": {
    "babel": [
      323.17349999999897,
      166.72954199999913,
      254.24874999999884,
      326.08229200000005,
      173.1827919999996,
      260.31245800000033
    ]
  },
  "taro-vue3": {
    "babel": [
      278.0670000000009,
      293.75637500000084
    ]
  },
  "uni-app-webpack-vue2": {
    "babel": [
      307.867209,
      300.51025000000027
    ]
  },
  "uni-app-vite-vue3": {
    "babel": [
      492.50095899999997,
      493.5356660000002
    ]
  },
  "uni-app-webpack5-vue2": {
    "babel": [
      171.49316700000008,
      167.06595799999968
    ]
  }
}
