{
  "mpx": {
    "babel": [
      3.1725830000000315,
      7.517500000000837,
      3.9191249999994398,
      5.691791999999623,
      6.497208000000683,
      5.389458000000559,
      435.5552080000007
    ]
  },
  "native-webpack": {
    "babel": [
      132.56849999999986
    ]
  },
  "rax": {
    "babel": [
      0.7542499999999563,
      3.6653329999999187,
      27.001541999999972,
      0.7635410000002594,
      1.5145000000002256,
      0.6035830000000715,
      154.06204199999956
    ]
  },
  "taro-react": {
    "babel": [
      285.5289580000008,
      459.25966700000026,
      262.0660420000004,
      366.2143329999999,
      535.6759160000001,
      310.11445900000035,
      67.91745900000387,
      126.88495900000271,
      142.51887500000157,
      65.08070900000166,
      130.52091700000165,
      133.44179100000474
    ]
  },
  "taro-vue2": {
    "babel": [
      273.37254200000007
    ]
  },
  "taro-vue3": {
    "babel": [
      332.6115829999999
    ]
  },
  "uni-app-webpack-vue2": {
    "babel": [
      336.1994169999998
    ]
  },
  "uni-app-vite-vue3": {
    "babel": [
      528.5937090000002,
      442.1077909999999,
      150.85154200000397,
      126.25587499999529,
      16.7934580000001,
      15.98004100000253,
      33.03729100000055
    ]
  },
  "uni-app-webpack5-vue2": {
    "babel": [
      193.2017920000003
    ]
  }
}
