{
  "mpx": {
    "babel": [
      1.465125000000171,
      0.3252500000003238,
      0.1376669999999649,
      515.7969580000004,
      421.89491599999997,
      425.37750000000005,
      436.66212500000006,
      440.56229099999996
    ]
  },
  "native-webpack": {
    "babel": [
      113.82025000000021,
      116.83108400000015,
      114.23637500000018,
      117.90474999999992,
      117.87712499999998
    ]
  },
  "rax": {
    "babel": [
      0.5059580000001915,
      0.21587499999986903,
      0.2124589999998534,
      0.3174579999999878,
      0.16208300000016607,
      0.4559999999996762,
      134.19758300000012,
      191.43954199999985,
      200.54537500000015,
      198.659042,
      237.1550830000001
    ]
  },
  "taro-react": {
    "babel": [
      260.2813330000008,
      166.1401249999999,
      271.5305420000004,
      309.083208,
      150.79820799999925,
      230.76375000000007,
      317.76166699999976,
      153.42066599999998,
      228.7301669999997,
      320.0850420000006,
      153.17979100000048,
      228.80804200000057,
      327.8729579999999,
      169.63266699999986,
      239.78720799999974
    ]
  },
  "taro-vue2": {
    "babel": [
      111.39654099999962,
      106.13233300000002,
      97.92537500000026,
      52.17329199999995,
      27.794083000000228
    ]
  },
  "taro-vue3": {
    "babel": [
      266.93524999999863,
      337.5234169999999,
      352.42841600000065,
      335.343167,
      317.8729999999996
    ]
  },
  "uni-app-webpack-vue2": {
    "babel": [
      295.21241699999973,
      310.6350419999999,
      294.28666599999997,
      283.6566670000002,
      284.88379200000054
    ]
  },
  "uni-app-vite-vue3": {
    "babel": [
      474.7747919999997,
      450.3781249999997,
      469.2481250000001,
      444.04675,
      441.9536659999999
    ]
  },
  "uni-app-webpack5-vue2": {
    "babel": [
      180.00337499999978,
      168.6837919999998,
      171.65766699999995,
      168.79899999999998,
      164.7161659999997
    ]
  }
}
