{
  "mpx": {
    "babel": [
      264.9694159999999,
      5.869916999999987,
      3.304374999999709,
      3.804584000000432,
      5.24645800000053,
      3.2466670000003433,
      384.41199999999935
    ]
  },
  "native-webpack": {
    "babel": [
      122.83783300000005
    ]
  },
  "rax": {
    "babel": [
      1.931166999999732,
      4.404375000000073,
      0.7024999999998727,
      0.09795799999983501,
      23.44658299999992,
      0.21370900000010806,
      130.9198749999996
    ]
  },
  "taro-react": {
    "babel": [
      249.55066699999952,
      408.21641699999964,
      420.08620899999914
    ]
  },
  "taro-vue2": {
    "babel": [
      249.602167
    ]
  },
  "taro-vue3": {
    "babel": [
      328.2092080000002
    ]
  },
  "uni-app-webpack-vue2": {
    "babel": [
      366.5882499999998
    ]
  },
  "uni-app-vite-vue3": {
    "babel": [
      469.7485419999998
    ]
  },
  "uni-app-webpack5-vue2": {
    "babel": [
      218.83166600000004
    ],
    "ast-grep": [
      9866.829167,
      11352.78
    ]
  }
}
