{
  "rax": {
    "babel": [
      35.83166699999947,
      45.82508400000006,
      45.101416999999856,
      39.14691700000003,
      23.608000000000175,
      29.097499999999854,
      191.1098750000001
    ]
  },
  "uni-app-webpack5-vue2": {
    "babel": [
      200.34608300000036
    ]
  },
  "uni-app-webpack-vue2": {
    "babel": [
      586.4118749999998
    ]
  },
  "taro-react": {
    "babel": [
      424.61133399999926,
      325.69266699999935,
      377.5700830000005
    ]
  },
  "native-webpack": {
    "babel": [
      114.18016699999998
    ]
  },
  "mpx": {
    "babel": [
      24.62250000000131,
      9.790832999999111,
      307.54579199999716,
      324.2619169999998,
      12.931000000000495,
      10.0470000000023,
      396.966042
    ]
  },
  "taro-vue3": {
    "babel": [
      228.97520900000018
    ]
  }
}
