{
  "mpx": {
    "babel": [
      55.76404199999979,
      0.24645800000007512,
      0.19379200000003038,
      0.12516599999980826,
      0.19487500000013824,
      0.1162080000003698,
      216.12945900000068
    ]
  },
  "native-webpack": {
    "babel": [
      48.12175000000002
    ]
  },
  "rax": {
    "babel": [
      0.3322080000002643,
      0.10320799999999508,
      0.3500420000000304,
      0.12420799999972587,
      0.23204100000020844,
      0.38620799999989686,
      72.71479199999976
    ]
  },
  "taro-react": {
    "babel": [
      241.916792,
      141.3138340000005,
      356.30683399999907,
      189.94537500000024,
      134.12154199999986,
      377.3839160000007,
      169.32712499999616,
      121.83245799998986,
      355.61350000000675,
      181.5567089999995,
      129.81787499999973,
      408.1113750000004,
      166.50966600001266,
      138.32391700000153,
      368.6032500000001,
      121.94170799999847,
      116.07533300000068,
      368.4416659999988,
      164.072833000042,
      119.00658300000941,
      361.505291999958,
      159.873666999978,
      113.58987500000512,
      368.0659999999916
    ],
    "ast-grep": [
      78.3452499999994,
      116.77170899999965,
      213.69575000000077,
      50.29845900000055,
      119.84929199999988,
      228.80133299999943
    ]
  },
  "taro-vue2": {
    "babel": [
      182.65845799999988
    ]
  },
  "taro-vue3": {
    "babel": [
      204.91033399999924
    ]
  },
  "uni-app-webpack-vue2": {
    "babel": [
      216.95995799999992
    ]
  },
  "uni-app-vite-vue3": {
    "babel": [
      300.2632910000002
    ]
  },
  "uni-app-webpack5-vue2": {
    "babel": [
      106.31312500000013
    ]
  }
}
