{
  "mpx": {
    "babel": [
      51.13216700000021,
      0.37550000000010186,
      0.26341599999977916,
      0.21558399999958056,
      0.36449999999967986,
      0.1869589999996606,
      399.3917499999998,
      51.085209000000305,
      0.5499170000002778,
      0.3486250000005384,
      0.20249999999941792,
      0.3544159999992189,
      0.16824999999971624,
      409.3889170000002
    ]
  },
  "native-webpack": {
    "babel": [
      95.93820800000003,
      93.78658300000006
    ]
  },
  "rax": {
    "babel": [
      2.3142500000003565,
      0.21299999999973807,
      0.2744999999999891,
      0.26745800000026065,
      0.297458000000006,
      0.6539170000000922,
      99.57470799999965,
      0.533292000000074,
      0.14058399999976245,
      0.296291999999994,
      0.18549999999959255,
      0.2646249999997963,
      0.6392089999999371,
      102.90462500000012
    ]
  },
  "taro-react": {
    "babel": [
      304.3911250000001,
      171.22191700000076,
      196.25612499999988,
      265.0443750000004,
      192.71812499999942,
      239.36849999999868
    ]
  },
  "taro-vue3": {
    "babel": [
      279.8351250000014,
      271.30574999999953
    ]
  },
  "uni-app-webpack-vue2": {
    "babel": [
      284.45887499999935,
      284.5687909999997
    ]
  },
  "uni-app-vite-vue3": {
    "babel": [
      441.8080839999998,
      445.29391699999996
    ]
  },
  "uni-app-webpack5-vue2": {
    "babel": [
      143.71791699999994,
      147.03037500000028
    ]
  }
}
