{
  "native-webpack": {
    "babel": [
      123.69174999999996,
      117.3280420000001
    ]
  },
  "rax": {
    "babel": [
      0.5004170000001977,
      0.2986670000000231,
      0.7487919999994119,
      0.5643329999993512,
      0.5079999999998108,
      0.376166000000012,
      115.74604199999976,
      11.70366599999943,
      17.031082999999853,
      34.91949999999997,
      31.462999999999738,
      5.925000000000182,
      10.558750000000146,
      282.1200830000007
    ]
  },
  "uni-app-webpack5-vue2": {
    "babel": [
      232.73254199999974,
      201.41558299999997
    ]
  },
  "uni-app-webpack-vue2": {
    "babel": [
      517.6697909999993,
      541.9797499999995
    ]
  },
  "taro-react": {
    "babel": [
      280.3498749999999,
      258.0384589999994,
      297.027458999999,
      233.65399999999954,
      187.19899999999961,
      220.19541599999957
    ]
  },
  "mpx": {
    "babel": [
      548.0471249999991,
      48.99591700000019,
      5.387624999999389,
      9.172833999999966,
      9.849333999999544,
      24.5595000000003,
      8.147375000000466,
      359.45837500000016
    ]
  },
  "taro-vue3": {
    "babel": [
      245.3180000000002,
      308.1071670000001
    ]
  }
}
