{
  "native-webpack": {
    "babel": [
      96.21675000000005
    ]
  },
  "mpx": {
    "babel": [
      1.1636250000001382,
      0.3757919999998194,
      0.3241250000000946,
      1.6598330000006172,
      0.9039999999995416,
      0.45362500000010186,
      614.6315000000004
    ]
  }
}
