{
  "uni-app-vite-vue3": {
    "ast-grep": [
      222.24604099999988,
      112.57475000002887
    ],
    "babel": [
      309.10483299999987,
      302.8810000000001
    ]
  },
  "mpx": {
    "babel": [
      272.0551250000001,
      282.5055,
      0.7010409999998046,
      0.3115829999997004,
      0.26366600000028484,
      0.18079099999977188,
      0.2537919999999758,
      0.29329199999983757,
      339.9395000000004,
      37.90212500000007,
      0.2731250000001637,
      0.1937089999996715,
      0.14054200000009587,
      0.2714169999999285,
      0.18908300000020972,
      319.99058399999967,
      302.76250000000437,
      301.404,
      392.89629199999763,
      53.28366599999981,
      0.3153339999998934,
      0.1894999999999527,
      0.14283300000033705,
      0.32374999999956344,
      0.17000000000007276,
      296.42612499999996
    ]
  },
  "native-webpack": {
    "babel": [
      48.446292000000085,
      63.17445900000007
    ]
  },
  "rax": {
    "babel": [
      0.4107920000001286,
      0.129917000000205,
      0.2939169999999649,
      0.4400829999999587,
      0.22195799999963128,
      0.3710829999999987,
      76.72074999999995,
      133.2917080000002
    ]
  },
  "taro-react": {
    "babel": [
      209.0776249999999,
      142.04466700000012,
      399.19374999999945,
      194.68866699999944,
      194.75624999999945,
      394.81366700000035
    ]
  },
  "taro-vue2": {
    "babel": [
      187.80104200000005,
      233.82162500000004
    ]
  },
  "taro-vue3": {
    "babel": [
      207.43862499999977,
      298.0012919999999
    ]
  },
  "uni-app-webpack-vue2": {
    "babel": [
      212.06116599999996,
      216.2345419999997
    ]
  },
  "uni-app-webpack5-vue2": {
    "babel": [
      114.92195800000036,
      117.55120799999986
    ]
  }
}
