{
  "mpx": {
    "babel": [
      253.65495800000008,
      12.804583000000093,
      2.922458999999435,
      3.506999999999607,
      7.766249999999673,
      8.436083999999937,
      376.79004200000054,
      1.1503750000001673,
      12.976415999999517,
      4.529375000000073,
      5.052834000000075,
      0.5549170000003869,
      4.878708000000188,
      380.01204099999995
    ]
  },
  "native-webpack": {
    "babel": [
      126.55875000000015,
      123.5023749999998
    ]
  },
  "rax": {
    "babel": [
      6.390084000000115,
      9.120249999999942,
      0.5019169999995938,
      26.014542000000347,
      26.90995900000007,
      0.3184160000000702,
      146.17316700000038,
      2.859707999999955,
      5.491958000000068,
      11.964292000000114,
      0.5266249999999673,
      2.136207999999897,
      0.3348750000000109,
      147.43845800000008
    ]
  },
  "taro-react": {
    "babel": [
      337.1518329999999,
      488.21300000000156,
      431.214958999999,
      269.4754160000002,
      412.94283300000006,
      415.12154199999895
    ]
  },
  "taro-vue2": {
    "babel": [
      257.8372079999999,
      248.8715830000001
    ]
  },
  "taro-vue3": {
    "babel": [
      294.13670900000034,
      309.6592920000003
    ]
  },
  "uni-app-webpack-vue2": {
    "babel": [
      326.57075000000077,
      334.3914999999997
    ]
  },
  "uni-app-vite-vue3": {
    "babel": [
      435.93479100000013,
      448.77270899999985
    ]
  },
  "uni-app-webpack5-vue2": {
    "babel": [
      184.89212499999985,
      185.71579100000008
    ]
  }
}
