{
  "mpx": {
    "babel": [
      51.86195799999996,
      0.30929199999991397,
      451.26512500000035
    ]
  },
  "native-webpack": {
    "babel": [
      124.00962500000014
    ]
  },
  "rax": {
    "babel": [
      0.46558299999969677,
      0.16195799999968585,
      0.326958999999988,
      0.265625,
      0.1544170000001941,
      0.7192079999999805,
      139.47508400000015
    ]
  },
  "taro-react": {
    "babel": [
      288.2067080000006,
      183.04320800000096,
      308.03166599999895
    ]
  },
  "taro-vue3": {
    "babel": [
      367.1062920000004
    ]
  },
  "uni-app-webpack-vue2": {
    "babel": [
      312.7366670000001
    ]
  },
  "uni-app-vite-vue3": {
    "babel": [
      521.237459
    ]
  },
  "uni-app-webpack5-vue2": {
    "babel": [
      189.9526249999999
    ]
  }
}
