{
  "uni-app-vite-vue3": {
    "ast-grep": [
      222.24604099999988,
      112.57475000002887
    ],
    "babel": [
      309.10483299999987,
      302.8810000000001
    ]
  },
  "mpx": {
    "babel": [
      272.0551250000001,
      282.5055
    ]
  },
  "native-webpack": {
    "babel": [
      48.446292000000085,
      63.17445900000007
    ]
  },
  "rax": {
    "babel": [
      0.4107920000001286,
      0.129917000000205,
      0.2939169999999649,
      0.4400829999999587,
      0.22195799999963128,
      0.3710829999999987,
      76.72074999999995,
      133.2917080000002
    ]
  },
  "taro-react": {
    "babel": [
      209.0776249999999,
      142.04466700000012,
      399.19374999999945,
      194.68866699999944,
      194.75624999999945,
      394.81366700000035
    ]
  },
  "taro-vue2": {
    "babel": [
      187.80104200000005,
      233.82162500000004
    ]
  },
  "taro-vue3": {
    "babel": [
      207.43862499999977,
      298.0012919999999
    ]
  },
  "uni-app-webpack-vue2": {
    "babel": [
      212.06116599999996,
      216.2345419999997
    ]
  },
  "uni-app-webpack5-vue2": {
    "babel": [
      114.92195800000036,
      117.55120799999986
    ]
  }
}
