{
  "mpx": {
    "babel": [
      51.13216700000021,
      0.37550000000010186,
      0.26341599999977916,
      0.21558399999958056,
      0.36449999999967986,
      0.1869589999996606,
      399.3917499999998
    ]
  },
  "native-webpack": {
    "babel": [
      95.93820800000003
    ]
  },
  "rax": {
    "babel": [
      2.3142500000003565,
      0.21299999999973807,
      0.2744999999999891,
      0.26745800000026065,
      0.297458000000006,
      0.6539170000000922,
      99.57470799999965
    ]
  },
  "taro-react": {
    "babel": [
      304.3911250000001,
      171.22191700000076,
      196.25612499999988
    ]
  },
  "taro-vue3": {
    "babel": [
      279.8351250000014
    ]
  },
  "uni-app-webpack-vue2": {
    "babel": [
      284.45887499999935
    ]
  },
  "uni-app-vite-vue3": {
    "babel": [
      441.8080839999998
    ]
  },
  "uni-app-webpack5-vue2": {
    "babel": [
      143.71791699999994
    ]
  }
}
