{
  "mpx": {
    "babel": [
      2.602375000000393,
      6.701833000000079,
      7.2158339999996315,
      7.894916999999623,
      11.297958000000108,
      9.907666000000063,
      464.7560830000002
    ]
  },
  "native-webpack": {
    "babel": [
      114.97141600000009
    ]
  },
  "rax": {
    "babel": [
      0.7354589999999916,
      3.375167000000147,
      0.21000000000003638,
      1.2806659999996555,
      23.714042000000063,
      0.4583749999997053,
      144.70295799999985
    ]
  },
  "taro-react": {
    "babel": [
      268.7402499999989,
      433.0601659999993,
      242.16354200000023
    ]
  },
  "taro-vue2": {
    "babel": [
      253.51187500000015
    ]
  },
  "taro-vue3": {
    "babel": [
      327.4717500000006
    ]
  },
  "uni-app-webpack-vue2": {
    "babel": [
      306.50458399999934
    ]
  },
  "uni-app-vite-vue3": {
    "babel": [
      559.3125
    ]
  },
  "uni-app-webpack5-vue2": {
    "babel": [
      174.9878749999998
    ]
  }
}
