{
  "mpx": {
    "babel": [
      0.9502080000002024,
      0.375583000000006,
      0.26708400000006804,
      0.11895899999944959,
      0.359082999999373,
      0.22212500000023283,
      395.3567499999999
    ]
  },
  "native-webpack": {
    "babel": [
      113.392292
    ]
  },
  "rax": {
    "babel": [
      0.4725829999997586,
      0.11499999999978172,
      0.14487499999995634,
      0.26412500000014916,
      0.2389170000001286,
      0.5161250000001019,
      142.02629099999967
    ]
  },
  "taro-react": {
    "babel": [
      266.7744590000002,
      198.26050000000032,
      234.44800000000032
    ]
  },
  "taro-vue3": {
    "babel": [
      371.637917
    ]
  },
  "uni-app-webpack-vue2": {
    "babel": [
      288.15108299999974
    ]
  },
  "uni-app-vite-vue3": {
    "babel": [
      464.6015830000001
    ]
  },
  "uni-app-webpack5-vue2": {
    "babel": [
      165.7807499999999
    ]
  }
}
