{
  "mpx": {
    "babel": [
      4.562416000000667,
      5.2586670000000595,
      4.97295800000029,
      5.558917000000292,
      1.35412499999984,
      3.329000000000633,
      397.67425000000003,
      1.115208000000166,
      7.283957999999984,
      3.4965000000001965,
      3.9997910000001866,
      7.471459000000323,
      3.0410830000000715,
      389.48633299999983
    ]
  },
  "native-webpack": {
    "babel": [
      118.03191599999991,
      114.88708299999985
    ]
  },
  "rax": {
    "babel": [
      2.526542000000063,
      7.47045799999978,
      0.7241669999998521,
      22.311499999999796,
      23.12883299999976,
      0.420708999999988,
      131.39462500000036,
      0.8496249999998327,
      3.5959169999996448,
      0.5936659999997573,
      0.9324590000001081,
      1.7915419999999358,
      0.3972079999998641,
      131.5885000000003
    ]
  },
  "taro-react": {
    "babel": [
      267.54312500000015,
      425.475375,
      266.49612499999967,
      268.6829169999992,
      429.6647500000008,
      258.11729099999866
    ]
  },
  "taro-vue2": {
    "babel": [
      250.9664160000002,
      245.9456250000003
    ]
  },
  "taro-vue3": {
    "babel": [
      270.3135000000002,
      274.97708299999977
    ]
  },
  "uni-app-webpack-vue2": {
    "babel": [
      299.37791599999946,
      312.1517079999994
    ]
  },
  "uni-app-vite-vue3": {
    "babel": [
      459.0960420000001,
      420.31783300000006,
      444.3882920000001,
      453.69008299999996,
      149.70300000000861
    ]
  },
  "uni-app-webpack5-vue2": {
    "babel": [
      212.94958300000008,
      182.25054200000022
    ]
  }
}
