{
  "uni-app-webpack5-vue2": {
    "babel": [
      1299.6779999999999,
      592.9260840000006
    ]
  },
  "rax": {
    "babel": [
      130.48554200000217,
      137.01862499999697,
      344.95762500000274,
      45.654999999998836,
      448.69800000000396,
      515.2768750000032,
      778.9295409999977,
      663.5587500000001
    ]
  },
  "taro-react": {
    "babel": [
      1955.8815840000025,
      690.9777909999975,
      1784.0089579999913,
      310.5953339999978,
      248.91470899999695,
      362.8616669999974
    ]
  },
  "uni-app-webpack-vue2": {
    "babel": [
      2934.084999999999,
      2489.4247499999983
    ]
  },
  "native-webpack": {
    "babel": [
      119.81879200000003,
      187.3241250000001
    ]
  },
  "taro-vue3": {
    "babel": [
      333.7043340000091,
      866.9951660000006
    ]
  },
  "mpx": {
    "babel": [
      37.818333999999595,
      19.453166999999667,
      210.42716700000165,
      211.8847080000014,
      26.2087500000016,
      40.08612499999799,
      379.981541000001,
      16.525832999999693,
      123.84225000000151,
      151.05345799999486,
      164.5458329999965,
      39.734000000004016,
      50.143332999999984,
      459.89008399999875
    ]
  }
}
