{
  "mpx": {
    "babel": [
      0.8178749999997308,
      0.3904159999992771,
      0.42595799999980954,
      0.2715829999997368,
      0.5231659999999465,
      0.21737500000017462,
      429.59099999999944
    ]
  },
  "native-webpack": {
    "babel": [
      123.28837499999963
    ]
  },
  "rax": {
    "babel": [
      0.4412919999999758,
      0.2697090000001481,
      0.3108750000001237,
      0.42479199999979755,
      0.2610420000000886,
      0.4794999999999163,
      133.82404099999985
    ]
  },
  "taro-react": {
    "babel": [
      323.17349999999897,
      166.72954199999913,
      254.24874999999884
    ]
  },
  "taro-vue3": {
    "babel": [
      278.0670000000009
    ]
  },
  "uni-app-webpack-vue2": {
    "babel": [
      307.867209
    ]
  },
  "uni-app-vite-vue3": {
    "babel": [
      492.50095899999997
    ]
  },
  "uni-app-webpack5-vue2": {
    "babel": [
      171.49316700000008
    ]
  }
}
