{
  "mpx": {
    "babel": [
      51.13216700000021,
      0.37550000000010186,
      0.26341599999977916,
      0.21558399999958056,
      0.36449999999967986,
      0.1869589999996606,
      399.3917499999998,
      51.085209000000305,
      0.5499170000002778,
      0.3486250000005384,
      0.20249999999941792,
      0.3544159999992189,
      0.16824999999971624,
      409.3889170000002,
      1.0659999999998035,
      0.41745799999989686,
      0.28162500000053114,
      0.18137500000011642,
      0.3430840000000899,
      0.14495799999986048,
      397.6450420000001
    ]
  },
  "native-webpack": {
    "babel": [
      95.93820800000003,
      93.78658300000006,
      93.13020799999958
    ]
  },
  "rax": {
    "babel": [
      2.3142500000003565,
      0.21299999999973807,
      0.2744999999999891,
      0.26745800000026065,
      0.297458000000006,
      0.6539170000000922,
      99.57470799999965,
      0.533292000000074,
      0.14058399999976245,
      0.296291999999994,
      0.18549999999959255,
      0.2646249999997963,
      0.6392089999999371,
      102.90462500000012,
      0.5335830000003625,
      0.257959000000028,
      0.2771250000000691,
      0.1477500000000873,
      0.23450000000002547,
      0.6917920000000777,
      101.35966699999972
    ]
  },
  "taro-react": {
    "babel": [
      304.3911250000001,
      171.22191700000076,
      196.25612499999988,
      265.0443750000004,
      192.71812499999942,
      239.36849999999868,
      234.69695799999954,
      163.77062500000102,
      195.29270800000086
    ]
  },
  "taro-vue3": {
    "babel": [
      279.8351250000014,
      271.30574999999953,
      277.291874999999
    ]
  },
  "uni-app-webpack-vue2": {
    "babel": [
      284.45887499999935,
      284.5687909999997,
      280.1459160000004
    ]
  },
  "uni-app-vite-vue3": {
    "babel": [
      441.8080839999998,
      445.29391699999996,
      447.36345800000026
    ]
  },
  "uni-app-webpack5-vue2": {
    "babel": [
      143.71791699999994,
      147.03037500000028,
      138.91941700000007
    ]
  }
}
