{
  "mpx": {
    "babel": [
      50.69074999999975,
      0.3884170000001177,
      0.25499999999919964,
      0.1763330000003407,
      0.3807090000000244,
      0.33708299999943847,
      460.1888749999998
    ]
  },
  "native-webpack": {
    "babel": [
      117.87416699999994
    ]
  },
  "rax": {
    "babel": [
      0.5528330000001915,
      0.20445799999970404,
      0.26466700000037235,
      0.29395800000020245,
      0.24458299999969313,
      0.49216599999999744,
      144.88037499999973
    ]
  },
  "taro-react": {
    "babel": [
      278.5544169999994,
      176.2032909999998,
      288.65466600000036
    ]
  },
  "taro-vue3": {
    "babel": [
      301.8859590000011
    ]
  },
  "uni-app-webpack-vue2": {
    "babel": [
      311.26304100000016
    ]
  },
  "uni-app-vite-vue3": {
    "babel": [
      477.4029580000001
    ]
  },
  "uni-app-webpack5-vue2": {
    "babel": [
      167.85904100000016
    ]
  }
}
