{
  "uni-app-vite-vue3": {
    "babel": [
      545.5183339999999,
      156.8809590000019,
      16.18862500000978,
      562.0233330000001,
      492.86299999999983
    ]
  },
  "mpx": {
    "babel": [
      0.9877500000002328,
      0.3803749999997308,
      0.30170799999996234,
      0.19920799999999872,
      0.3574579999994967,
      2.817874999999731,
      462.3940419999999
    ]
  },
  "native-webpack": {
    "babel": [
      116.69591700000001
    ]
  },
  "rax": {
    "babel": [
      0.4711250000000291,
      0.13450000000011642,
      0.2587909999997464,
      0.2758750000002692,
      0.27345900000000256,
      0.5253750000001673,
      138.48058299999957
    ]
  },
  "taro-react": {
    "babel": [
      268.5149999999994,
      169.63333299999977,
      300.6422910000001
    ]
  },
  "taro-vue3": {
    "babel": [
      299.0755829999998
    ]
  },
  "uni-app-webpack-vue2": {
    "babel": [
      296.7849159999996
    ]
  },
  "uni-app-webpack5-vue2": {
    "babel": [
      170.12062499999956
    ]
  }
}
