{
  "mpx": {
    "babel": [
      2.9135419999993246,
      6.4780000000000655,
      5.398457999999664,
      6.388707999999497,
      1.6563339999993332,
      8.599499999999352,
      368.83816600000046,
      413.16608300000007
    ]
  },
  "native-webpack": {
    "babel": [
      124.41716599999995,
      123.26816600000006
    ]
  },
  "rax": {
    "babel": [
      2.0673750000000837,
      4.850292000000081,
      21.337249999999585,
      0.393666999999823,
      23.824959000000035,
      0.3789590000001226,
      143.87345900000037,
      0.6795420000003105,
      3.1345420000002377,
      0.8224589999999807,
      22.76958300000024,
      23.633166000000074,
      0.34483300000010786,
      144.97470799999974
    ]
  },
  "taro-react": {
    "babel": [
      260.13916700000027,
      409.705833,
      421.505000000001,
      258.3750829999999,
      401.9300409999996,
      463.3643339999999,
      196.0439999999944,
      374.5356249999895,
      425.9449170000007,
      211.69662499999686,
      164.65420799999265,
      581.0100410000014,
      344.90966600000047,
      513.5705830000006,
      479.63300000000163
    ],
    "ast-grep": [
      285.80525000000034,
      159.39974999999959,
      431.48441699999967
    ]
  },
  "taro-vue2": {
    "babel": [
      242.88845799999945,
      241.535167
    ]
  },
  "taro-vue3": {
    "babel": [
      302.2089589999996,
      291.9116669999994
    ]
  },
  "uni-app-webpack-vue2": {
    "babel": [
      334.3512090000004,
      323.1450420000001
    ]
  },
  "uni-app-vite-vue3": {
    "babel": [
      456.8864159999998,
      443.53875000000016
    ]
  },
  "uni-app-webpack5-vue2": {
    "babel": [
      191.64724999999999,
      192.54799999999977
    ]
  }
}
