{
  "native-webpack": {
    "babel": [
      96.21675000000005,
      222.32687500000065,
      272.80870799999957,
      2124.7638750000006
    ]
  },
  "mpx": {
    "babel": [
      1.1636250000001382,
      0.3757919999998194,
      0.3241250000000946,
      1.6598330000006172,
      0.9039999999995416,
      0.45362500000010186,
      614.6315000000004,
      6.846542000000227,
      1.1640000000006694,
      0.6804169999995793,
      0.6511669999999867,
      3.054583000001003,
      0.47445799999877636,
      773.0369580000006,
      6.03912500000024,
      0.8724579999998241,
      0.4705420000009326,
      0.27758299999914016,
      0.5386669999988953,
      0.8130420000015874,
      611.8561250000002,
      11291.834125000001
    ]
  },
  "uni-app-webpack5-vue2": {
    "babel": [
      336.9957919999997
    ]
  },
  "rax": {
    "babel": [
      33.87250000000495,
      0.40841699999873526,
      12.724416000004567,
      389.5472910000026,
      34.74124999999913,
      115.08779199999844
    ]
  },
  "uni-app-webpack-vue2": {
    "babel": [
      6362.794332999998
    ]
  }
}
