{
  "native-webpack": {
    "babel": [
      96.21675000000005,
      222.32687500000065,
      272.80870799999957,
      2124.7638750000006,
      346.23329099999955,
      216.8506669999997,
      371.3014170000006,
      255.73833300000024,
      308.7409580000003,
      217.6300000000001
    ]
  },
  "mpx": {
    "babel": [
      1.1636250000001382,
      0.3757919999998194,
      0.3241250000000946,
      1.6598330000006172,
      0.9039999999995416,
      0.45362500000010186,
      614.6315000000004,
      6.846542000000227,
      1.1640000000006694,
      0.6804169999995793,
      0.6511669999999867,
      3.054583000001003,
      0.47445799999877636,
      773.0369580000006,
      6.03912500000024,
      0.8724579999998241,
      0.4705420000009326,
      0.27758299999914016,
      0.5386669999988953,
      0.8130420000015874,
      611.8561250000002,
      11291.834125000001,
      1.963833000001614,
      1.0975829999988491,
      0.9577079999980924,
      0.4827499999992142,
      0.5222079999984999,
      0.5067080000007991,
      637.7097499999982,
      50.69508300000052,
      3.8313750000015716,
      34.3259160000016,
      0.507499999999709,
      0.9787909999977273,
      0.9847499999996217,
      3545.198292000001,
      5.873790999999983,
      0.6150830000005953,
      0.4561250000006112,
      1.7230829999998605,
      0.7070829999993293,
      0.4647079999995185,
      1783.8202089999995,
      474.5687090000001,
      4168.599208,
      4.549082999999882,
      3.738540999998804,
      0.3496670000022277,
      0.3539170000003651,
      0.8173339999993914,
      0.459792000001471
    ]
  },
  "uni-app-webpack5-vue2": {
    "babel": [
      336.9957919999997,
      902.7702910000007,
      258.39408399999957,
      230.8468329999996,
      781.2445420000004,
      1729.1356669999986,
      162.30454199999986,
      1832.1210419999989,
      1114.6599999999999,
      930.3610420000005,
      181.17904100000032,
      834.6730420000004
    ]
  },
  "rax": {
    "babel": [
      33.87250000000495,
      0.40841699999873526,
      12.724416000004567,
      389.5472910000026,
      34.74124999999913,
      115.08779199999844,
      1.283832999999504,
      0.5982920000005834,
      1.140665999999328,
      0.6705419999998412,
      0.592625000001135,
      0.47537499999998545,
      302.3125,
      0.8606669999999212,
      0.4584580000000642,
      0.38049999999975626,
      0.7033329999999296,
      0.4753329999998641,
      0.39095799999995506,
      98.29199999999946,
      0.9405420000002778,
      0.5067920000001322,
      0.46716600000036124,
      0.8216249999995853,
      0.5007500000001528,
      0.6852920000001177,
      113.5391669999999,
      210.90700000000015,
      184.26200000000017,
      992.2432910000007,
      1.0597920000000158,
      0.5565419999984442,
      0.47133300000132294,
      6.7106669999993755,
      0.6784169999991718,
      0.7725839999984601,
      439.9725419999995,
      1.6473750000004657,
      0.5719170000011218,
      0.4653330000001006,
      0.7180829999997513,
      1.6799580000006245,
      0.9959579999995185,
      7.885833000000275,
      0.6049169999969308,
      0.555000000000291,
      0.4521249999997963,
      443.4502500000017,
      0.8367089999992459,
      0.46779199999946286,
      0.29504199999973935,
      0.881666999999652,
      0.4114580000004935,
      0.42075000000113505,
      347.1946250000001
    ]
  },
  "uni-app-webpack-vue2": {
    "babel": [
      6362.794332999998,
      389.0305410000001,
      652.5453340000022,
      3150.9734169999974,
      1268.3242090000022,
      2214.042458,
      1176.7952089999999
    ]
  },
  "taro-vue3": {
    "babel": [
      540.3225419999981,
      518.1549160000031,
      1065.5562090000021
    ]
  },
  "taro-react": {
    "babel": [
      300.8393330000008,
      365.5809589999999,
      385.993625000001,
      1536.8388749999976,
      1115.554791999999,
      1461.901417000001,
      1324.2435000000005,
      912.9309999999969,
      1126.781332999999
    ]
  },
  "uni-app-vite-vue3": {
    "babel": [
      569.5044589999998,
      2794.6248749999995,
      3572.5574589999997,
      3820.6409999999996
    ]
  }
}
