{
  "mpx": {
    "babel": [
      0.9233750000003056,
      0.4260409999997137,
      0.2609159999997246,
      0.1279580000000351,
      0.3992920000000595,
      0.2707909999999174,
      409.8337080000001,
      439.562958
    ]
  },
  "native-webpack": {
    "babel": [
      119.32625000000007,
      119.79220799999985
    ]
  },
  "rax": {
    "babel": [
      0.4555000000000291,
      0.2310419999998885,
      0.2797080000000278,
      0.27816699999993943,
      0.2939169999999649,
      0.5333340000001954,
      135.91066699999965,
      196.29749999999967
    ]
  },
  "taro-react": {
    "babel": [
      345.82658400000037,
      169.66362499999923,
      248.57483299999876,
      424.4631249999993,
      425.25766699999986,
      278.2699999999986
    ]
  },
  "taro-vue3": {
    "babel": [
      364.6696670000001,
      329.8056250000004
    ]
  },
  "uni-app-webpack-vue2": {
    "babel": [
      318.0352919999996,
      288.84433400000034
    ]
  },
  "uni-app-vite-vue3": {
    "babel": [
      464.873916,
      445.116583
    ]
  },
  "uni-app-webpack5-vue2": {
    "babel": [
      167.01733300000024,
      170.21162500000037
    ]
  }
}
