{
  "rax": {
    "babel": [
      18.962416999999732,
      57.07979200000045,
      44.7200840000005,
      406.92675000000054,
      16.185833000000457,
      8.61579200000051,
      189.2377919999999,
      69.2905410000003,
      79.2949580000004,
      11.715750000000298,
      9.746500000000196,
      29.974500000000262,
      36.56391600000006,
      236.1391249999997
    ]
  },
  "native-webpack": {
    "babel": [
      133.39083400000027,
      98.91995799999995
    ]
  },
  "mpx": {
    "babel": [
      33.039999999999054,
      17.612417000000278,
      58.597499999999854,
      70.29200000000128,
      27.13141700000051,
      36.838292000000365,
      581.9611249999998,
      1053.1366249999992
    ]
  },
  "taro-react": {
    "babel": [
      511.2726249999996,
      601.098582999999,
      774.862833000001,
      744.3992920000001,
      531.3297500000008,
      312.18341600000167
    ]
  },
  "uni-app-webpack5-vue2": {
    "babel": [
      333.77758300000005,
      331.76066699999956
    ]
  },
  "taro-vue3": {
    "babel": [
      515.8387920000005,
      281.5861249999998
    ]
  },
  "uni-app-webpack-vue2": {
    "babel": [
      368.7586659999997,
      655.8204160000005
    ]
  }
}
