{
  "mpx": {
    "babel": [
      0.6804999999999382,
      0.3209999999999127,
      0.2749589999998534,
      0.1689169999999649,
      0.25970799999959127,
      0.33516599999984464,
      401.365417,
      474.3665420000002
    ]
  },
  "native-webpack": {
    "babel": [
      120.43645900000001,
      123.20383300000003
    ]
  },
  "rax": {
    "babel": [
      0.6108750000003056,
      0.2609170000000631,
      0.24750000000040018,
      0.22620899999992616,
      0.2053329999998823,
      0.3866250000000946,
      67.46187499999996,
      0.8883749999999964,
      0.26712499999985084,
      0.32237499999973807,
      0.3167920000000777,
      0.2959160000000338,
      0.3671669999998812,
      72.42670799999996
    ]
  },
  "taro-react": {
    "babel": [
      209.29562499999975,
      163.0795420000013,
      569.6275830000013,
      219.3993329999994,
      174.17866700000013,
      599.782709000001
    ]
  },
  "taro-vue2": {
    "babel": [
      163.52908399999978,
      209.34312499999942
    ]
  },
  "taro-vue3": {
    "babel": [
      201.5257500000007,
      218.93995799999993
    ]
  },
  "uni-app-webpack-vue2": {
    "babel": [
      338.317583,
      326.3133750000002
    ]
  },
  "uni-app-vite-vue3": {
    "babel": [
      457.28929199999993,
      474.99725000000035
    ]
  },
  "uni-app-webpack5-vue2": {
    "babel": [
      241.05875000000015,
      233.67883299999994
    ]
  }
}
