{
  "rax": {
    "babel": [
      1.6702500000010332,
      0.5067079999989801,
      0.5849589999997988,
      0.6085840000014286,
      0.7970830000012938,
      1.0721249999987776,
      663.8995409999989,
      0.521958999999697,
      0.36987499999941065,
      0.767084000000068,
      0.3670830000000933,
      0.33504199999970297,
      0.38641700000061974,
      85.53654199999983,
      141.4342499999998
    ]
  },
  "uni-app-webpack5-vue2": {
    "babel": [
      1562.2190410000003,
      248.61720800000057,
      112.5863330000002
    ]
  },
  "native-webpack": {
    "babel": [
      298.1059580000001,
      106.4659999999999,
      61.13020799999981
    ]
  },
  "mpx": {
    "babel": [
      3.186249999998836,
      0.861957999994047,
      0.6865420000031008,
      0.6916659999988042,
      0.6178330000038841,
      0.9268749999973807,
      3001.418458,
      2.580167000000074,
      0.5977089999996679,
      0.47608299999956216,
      0.477999999999156,
      0.6427499999990687,
      0.38566700000046694,
      530.1857089999994,
      0.8225420000003396,
      0.3107079999999769,
      0.18366699999978664,
      0.1554999999998472,
      0.5036250000002838,
      0.1659589999999298,
      406.59199999999964
    ]
  },
  "uni-app-webpack-vue2": {
    "babel": [
      2143.918708000001,
      340.56204199999956,
      244.15329199999996
    ]
  },
  "taro-react": {
    "babel": [
      1621.6210410000022,
      1453.559916000002,
      348.33129199999894,
      318.9360830000005,
      221.09170799999993,
      269.29341699999895,
      242.34895899999992,
      185.81087500000012,
      305.48875000000044
    ]
  },
  "taro-vue3": {
    "babel": [
      538.953458,
      238.01458399999865,
      297.48212500000045
    ]
  }
}
