{
  "mpx": {
    "babel": [
      1.3985419999999067,
      0.39083300000038435,
      0.5381250000000364,
      0.4857499999998254,
      0.419542000000547,
      0.3484170000001541,
      402.31095900000037
    ]
  },
  "native-webpack": {
    "babel": [
      115.38304199999993
    ]
  },
  "rax": {
    "babel": [
      0.505916999999954,
      0.18145900000035908,
      0.3271669999999176,
      0.16595900000038455,
      0.2617079999999987,
      0.7241249999997308,
      151.80945900000006
    ]
  },
  "taro-react": {
    "babel": [
      342.6643330000006,
      159.56020799999988,
      239.30945799999972
    ]
  },
  "taro-vue3": {
    "babel": [
      378.1006660000003
    ]
  },
  "uni-app-webpack-vue2": {
    "babel": [
      298.75195799999983
    ]
  },
  "uni-app-vite-vue3": {
    "babel": [
      438.72649999999976
    ]
  },
  "uni-app-webpack5-vue2": {
    "babel": [
      171.96012500000006
    ]
  }
}
