{
  "rax": {
    "babel": [
      0.5879580000000715,
      0.34962499999983265,
      0.7126659999994445,
      0.3636659999992844,
      0.38804199999958655,
      0.37879200000043056,
      534.9814579999993
    ]
  },
  "uni-app-webpack5-vue2": {
    "babel": [
      350.6690840000001
    ]
  },
  "native-webpack": {
    "babel": [
      74.22654199999988,
      64.25099999999998
    ]
  },
  "uni-app-webpack-vue2": {
    "babel": [
      445.256542000001
    ]
  },
  "taro-vue3": {
    "babel": [
      360.8500840000015,
      303.1593329999996
    ]
  },
  "mpx": {
    "babel": [
      1.324999999999818,
      0.36524999999983265,
      0.2666250000002037,
      0.18208300000014788,
      0.37529099999983373,
      0.3236249999999927,
      371.25579199999993,
      420.810917
    ]
  },
  "taro-react": {
    "babel": [
      219.4291659999999,
      257.1128749999998,
      194.04612499999985
    ]
  }
}
