{
  "taro-react": {
    "babel": [
      276.72775,
      169.4958340000012,
      254.23708299999998,
      259.1329999999998,
      164.5377499999995,
      260.213667
    ]
  },
  "mpx": {
    "babel": [
      1.4627499999996871,
      0.43991600000026665,
      0.2752920000002632,
      0.23279199999979028,
      0.35979200000019773,
      0.31954099999984464,
      409.4685410000002
    ]
  },
  "native-webpack": {
    "babel": [
      116.48770800000011
    ]
  },
  "rax": {
    "babel": [
      0.5025829999999587,
      0.18516700000009223,
      0.20316700000012133,
      0.27700000000004366,
      0.29258300000037707,
      0.4552089999997406,
      134.62208299999975
    ]
  },
  "taro-vue2": {
    "babel": [
      223.44620899999973
    ]
  },
  "taro-vue3": {
    "babel": [
      272.3255829999998
    ]
  },
  "uni-app-webpack-vue2": {
    "babel": [
      282.4709170000001
    ]
  },
  "uni-app-vite-vue3": {
    "babel": [
      444.77045799999996
    ]
  },
  "uni-app-webpack5-vue2": {
    "babel": [
      168.4893750000001
    ]
  }
}
