{
  "uni-app-webpack5-vue2": {
    "babel": [
      1299.6779999999999,
      592.9260840000006,
      962.3252920000014,
      589.087125,
      870.4599589999998,
      180.84000000000015,
      135.4702500000003
    ]
  },
  "rax": {
    "babel": [
      130.48554200000217,
      137.01862499999697,
      344.95762500000274,
      45.654999999998836,
      448.69800000000396,
      515.2768750000032,
      778.9295409999977,
      663.5587500000001,
      1847.5564999999988,
      772.8657909999993,
      1215.4829580000005,
      130.59170899999936,
      135.9237919999996,
      139.932417,
      222.61924999999974,
      248.11099999999988,
      6.15454199999931,
      12.944166999999652,
      11.253999999999905,
      6.6435419999997976,
      8.456583000000137,
      14.027417000000241,
      81.3119999999999
    ]
  },
  "taro-react": {
    "babel": [
      1955.8815840000025,
      690.9777909999975,
      1784.0089579999913,
      310.5953339999978,
      248.91470899999695,
      362.8616669999974,
      464.2842920000039,
      251.09525000000576,
      299.12658300000476,
      456.2438750000001,
      558.0820000000022,
      294.9744999999966,
      2141.2788329999967,
      2651.306875000002,
      474.655709000006,
      450.9234579999975,
      153.07587500000227,
      187.0468329999967,
      195.2273329999989,
      186.08145799999875,
      253.06904099999883
    ]
  },
  "uni-app-webpack-vue2": {
    "babel": [
      2934.084999999999,
      2489.4247499999983,
      496.32066699999996,
      1445.2460830000018,
      1538.2430000000022,
      736.6286670000009,
      856.8293749999993
    ]
  },
  "native-webpack": {
    "babel": [
      119.81879200000003,
      187.3241250000001,
      494.0784999999996,
      296.815208,
      451.606541000001,
      62.77299999999991,
      98.91370800000004
    ]
  },
  "taro-vue3": {
    "babel": [
      333.7043340000091,
      866.9951660000006,
      293.1339169999992,
      590.4976250000036,
      564.633249999999,
      170.9773750000004,
      247.7870830000029
    ]
  },
  "mpx": {
    "babel": [
      37.818333999999595,
      19.453166999999667,
      210.42716700000165,
      211.8847080000014,
      26.2087500000016,
      40.08612499999799,
      379.981541000001,
      16.525832999999693,
      123.84225000000151,
      151.05345799999486,
      164.5458329999965,
      39.734000000004016,
      50.143332999999984,
      459.89008399999875,
      3610.6299580000014,
      2283.188292,
      2122.0997499999994,
      53.40770899999916,
      362.8924590000006,
      182.1295829999981,
      183.09991699999955,
      144.08699999999953,
      30.053584000001138,
      328.2539170000018,
      7.13091600000007,
      17.43766599999981,
      536.9730830000008
    ]
  }
}
