{
  "taro-react": {
    "babel": [
      281.54862499999945,
      172.6440419999999,
      251.34445899999992,
      284.04254199999923,
      176.94837499999994,
      310.60349999999926,
      273.9092500000006,
      181.51491700000042,
      297.98512499999924
    ]
  },
  "mpx": {
    "babel": [
      60.75770900000043,
      0.4235420000004524,
      0.4048339999999371,
      0.34054099999957543,
      0.5381670000006125,
      0.36491599999953905,
      473.0288330000003,
      376.3050000000003
    ]
  },
  "native-webpack": {
    "babel": [
      123.27224999999999,
      119.45062499999995
    ]
  },
  "rax": {
    "babel": [
      0.6796249999997599,
      0.17816700000003038,
      1.9557909999998628,
      0.34608299999990777,
      0.5010830000001079,
      0.7723329999998896,
      144.35241700000006,
      0.6116250000000036,
      132.7012090000003
    ]
  },
  "taro-vue3": {
    "babel": [
      380.80791699999827,
      279.2749590000003
    ]
  },
  "uni-app-webpack-vue2": {
    "babel": [
      306.8277500000004,
      303.7185419999996
    ]
  },
  "uni-app-vite-vue3": {
    "babel": [
      433.50316699999985,
      420.49374999999964
    ]
  },
  "uni-app-webpack5-vue2": {
    "babel": [
      178.81937500000004,
      174.15320900000006
    ]
  }
}
