{
  "native-webpack": {
    "babel": [
      128.01095799999985
    ]
  },
  "uni-app-webpack5-vue2": {
    "babel": [
      225.14724999999999
    ]
  },
  "mpx": {
    "babel": [
      832.2472499999994
    ]
  },
  "rax": {
    "babel": [
      5.2470830000002024,
      15.118040999999721,
      8.780042000000321,
      5.782500000001164,
      10.565499999998792,
      18.065708999998606,
      89.19154200000048
    ]
  },
  "uni-app-webpack-vue2": {
    "babel": [
      388.02237500000047
    ]
  },
  "taro-vue3": {
    "babel": [
      175.5792909999982
    ]
  },
  "taro-react": {
    "babel": [
      168.3351670000011,
      127.17712500000016,
      174.41625000000022
    ]
  }
}
