{
  "native-webpack": {
    "babel": [
      128.01095799999985,
      110.15916600000037
    ]
  },
  "uni-app-webpack5-vue2": {
    "babel": [
      225.14724999999999,
      468.621083
    ]
  },
  "mpx": {
    "babel": [
      832.2472499999994,
      80.33337500000016,
      79.28020800000013,
      14.38904199999888,
      32.160124999998516,
      44.13987500000076,
      5.560042000000976,
      297.0230420000007
    ]
  },
  "rax": {
    "babel": [
      5.2470830000002024,
      15.118040999999721,
      8.780042000000321,
      5.782500000001164,
      10.565499999998792,
      18.065708999998606,
      89.19154200000048,
      62.13875000000007,
      72.49862500000017,
      59.089500000000044,
      27.68804199999977,
      27.174583999998504,
      33.652249999999185,
      124.95812500000102
    ]
  },
  "uni-app-webpack-vue2": {
    "babel": [
      388.02237500000047,
      606.9655839999996
    ]
  },
  "taro-vue3": {
    "babel": [
      175.5792909999982,
      267.03720800000156
    ]
  },
  "taro-react": {
    "babel": [
      168.3351670000011,
      127.17712500000016,
      174.41625000000022,
      198.3334590000013,
      154.96483400000216,
      246.72508300000118
    ]
  }
}
