{
  "taro-react": {
    "babel": [
      372.51904099999956,
      283.21700000000055,
      385.3333330000005,
      563.150834,
      387.3066250000011,
      918.9459999999999
    ]
  },
  "native-webpack": {
    "babel": [
      237.4389170000004
    ]
  },
  "rax": {
    "babel": [
      0.7625000000007276,
      0.4102499999989959,
      0.3200840000008611,
      1.2022909999996045,
      0.4454999999998108,
      2.6867920000004233,
      305.134250000001
    ]
  },
  "uni-app-webpack-vue2": {
    "babel": [
      1628.8172080000004,
      495.1581670000005
    ]
  },
  "mpx": {
    "babel": [
      2.8524170000000595,
      0.9454999999998108,
      0.3994589999983873,
      0.5241669999995793,
      2.2151249999988067,
      0.6045829999984562,
      670.8926660000016
    ]
  },
  "uni-app-webpack5-vue2": {
    "babel": [
      597.3424999999997
    ]
  },
  "taro-vue3": {
    "babel": [
      426.09479199999987
    ]
  }
}
