{
  "mpx": {
    "babel": [
      1.08600000000024,
      0.3649169999998776,
      0.28291699999999764,
      0.1821669999999358,
      0.4072500000002037,
      0.19733300000007148,
      450.8708749999996,
      51.077166000000034,
      2.6319170000001577,
      0.23662500000045839,
      0.10491699999965931,
      0.5735840000006647,
      0.21308399999998073,
      383.25475000000006,
      63.016791999999896,
      376.872875,
      460.61616700000013
    ]
  },
  "native-webpack": {
    "babel": [
      120.81174999999985,
      118.59233300000005,
      122.85916700000007,
      118.36170899999979
    ]
  },
  "rax": {
    "babel": [
      0.4590410000000702,
      0.11237499999970169,
      0.25749999999970896,
      0.2527500000001055,
      0.15729200000032506,
      0.5441249999998945,
      135.8925830000003,
      0.4821670000001177,
      0.11620799999991505,
      0.23991700000033234,
      0.30033400000002075,
      0.3360829999996895,
      0.5500000000001819,
      133.54020899999978,
      195.75579199999993,
      199.79145800000015
    ]
  },
  "taro-react": {
    "babel": [
      319.76654099999996,
      158.59066699999948,
      252.02287500000057,
      257.0793329999997,
      156.37229200000002,
      261.46916599999895,
      332.9949579999993,
      160.50012499999866,
      244.83987499999967,
      258.5491670000001,
      151.47541699999965,
      257.5903330000001
    ]
  },
  "taro-vue3": {
    "babel": [
      308.02837499999987,
      296.4837919999991,
      338.05112499999996,
      334.73004200000014
    ]
  },
  "uni-app-webpack-vue2": {
    "babel": [
      305.59070800000063,
      319.7480000000005,
      304.17033400000037,
      303.75537499999973
    ]
  },
  "uni-app-vite-vue3": {
    "babel": [
      453.8710000000001,
      397.84133299999985,
      428.7372089999999,
      414.43770799999993,
      492.78575
    ]
  },
  "uni-app-webpack5-vue2": {
    "babel": [
      168.272375,
      180.18704200000002,
      173.34412500000008,
      175.6917080000003
    ]
  }
}
