{
  "rax": {
    "babel": [
      13.710625000000164,
      22.77475000000004,
      15.502500000000055,
      11.34100000000035,
      6.3308750000001055,
      14.309250000000247,
      89.04895799999986,
      7.158957999999984,
      18.715041999999812,
      7.798874999999498,
      10.602666000000681,
      9.052040999999917,
      18.414040999999997,
      106.74533399999927,
      12.153958000000785,
      31.67737500000021,
      9.051790999999866,
      15.877207999999882,
      67.29766700000073,
      27.50233399999979,
      10.977374999999938,
      24.15058399999998,
      23.77212499999996,
      10.354874999999993,
      8.039957999999842,
      6.47158300000001,
      115.77266700000018,
      14.726042000000234,
      29.481542000000445,
      36.06312500000058,
      8.575333000000683,
      12.55554100000063,
      11.480749999999716,
      124.24000000000069
    ]
  },
  "native-webpack": {
    "babel": [
      74.91337499999918,
      119.71749999999975,
      92.46079099999997,
      103.4057499999999,
      113.02791699999989
    ]
  },
  "mpx": {
    "babel": [
      24.50445800000034,
      29.59020899999996,
      10.99120799999946,
      23.965541999999914,
      17.0903330000001,
      7.543458000000101,
      35.01679199999944,
      10.83916600000066,
      242.62424999999985,
      251.5025829999995,
      18.299542000000656,
      11.310875000000124,
      338.2453750000004,
      26.3454580000016,
      12.524583000000348,
      47.34608300000036,
      54.52454200000102,
      21.499667000000045,
      7.123416999998881,
      345.8109999999997
    ]
  },
  "uni-app-webpack-vue2": {
    "babel": [
      471.6565419999997,
      336.35462499999994,
      293.419167
    ]
  },
  "uni-app-webpack5-vue2": {
    "babel": [
      225.75566700000036,
      165.4100840000001
    ]
  },
  "taro-react": {
    "babel": [
      234.99262500000077,
      374.99604200000067,
      224.59612500000003,
      180.9828749999997,
      162.18683299999975,
      231.79162499999984
    ]
  },
  "taro-vue3": {
    "babel": [
      226.3311250000006,
      204.40091699999903
    ]
  }
}
