{
  "native-webpack": {
    "babel": [
      123.69174999999996
    ]
  },
  "rax": {
    "babel": [
      0.5004170000001977,
      0.2986670000000231,
      0.7487919999994119,
      0.5643329999993512,
      0.5079999999998108,
      0.376166000000012,
      115.74604199999976
    ]
  },
  "uni-app-webpack5-vue2": {
    "babel": [
      232.73254199999974
    ]
  },
  "uni-app-webpack-vue2": {
    "babel": [
      517.6697909999993
    ]
  },
  "taro-react": {
    "babel": [
      280.3498749999999,
      258.0384589999994,
      297.027458999999
    ]
  },
  "mpx": {
    "babel": [
      548.0471249999991
    ]
  },
  "taro-vue3": {
    "babel": [
      245.3180000000002
    ]
  }
}
