{
  "rax": {
    "babel": [
      0.5879580000000715,
      0.34962499999983265,
      0.7126659999994445,
      0.3636659999992844,
      0.38804199999958655,
      0.37879200000043056,
      534.9814579999993,
      47.93770799999993,
      0.3054579999998168,
      1.4645839999998316,
      0.2693749999998545,
      0.2615000000000691,
      0.24733400000013717,
      115.43833300000006,
      0.4024580000000242,
      0.3431660000001102,
      0.3645839999999225,
      0.4293750000001637,
      0.45587499999965075,
      0.3779170000002523,
      132.59562499999993
    ]
  },
  "uni-app-webpack5-vue2": {
    "babel": [
      350.6690840000001,
      284.8087080000005,
      171.8175000000001
    ]
  },
  "native-webpack": {
    "babel": [
      74.22654199999988,
      64.25099999999998,
      81.111625,
      129.87529199999972
    ]
  },
  "uni-app-webpack-vue2": {
    "babel": [
      445.256542000001,
      717.4519999999993,
      500.14300000000003
    ]
  },
  "taro-vue3": {
    "babel": [
      360.8500840000015,
      303.1593329999996,
      332.0197079999998,
      266.8590829999994
    ]
  },
  "mpx": {
    "babel": [
      1.324999999999818,
      0.36524999999983265,
      0.2666250000002037,
      0.18208300000014788,
      0.37529099999983373,
      0.3236249999999927,
      371.25579199999993,
      420.810917,
      1.1721669999997175,
      0.4724999999998545,
      0.448207999999795,
      0.3961669999998776,
      0.4781249999996362,
      0.39412499999980355,
      401.94495899999947,
      1.0379589999993186,
      0.4287079999994603,
      0.320332999999664,
      0.3962920000003578,
      0.47154199999931734,
      0.3022500000006403,
      376.70600000000013
    ]
  },
  "taro-react": {
    "babel": [
      219.4291659999999,
      257.1128749999998,
      194.04612499999985,
      404.4651250000006,
      267.97966599999927,
      245.95275000000038,
      296.2835840000007,
      233.00833299999977,
      224.41320900000028
    ]
  }
}
