{
  "mpx": {
    "babel": [
      4.562416000000667,
      5.2586670000000595,
      4.97295800000029,
      5.558917000000292,
      1.35412499999984,
      3.329000000000633,
      397.67425000000003
    ]
  },
  "native-webpack": {
    "babel": [
      118.03191599999991
    ]
  },
  "rax": {
    "babel": [
      2.526542000000063,
      7.47045799999978,
      0.7241669999998521,
      22.311499999999796,
      23.12883299999976,
      0.420708999999988,
      131.39462500000036
    ]
  },
  "taro-react": {
    "babel": [
      267.54312500000015,
      425.475375,
      266.49612499999967
    ]
  },
  "taro-vue2": {
    "babel": [
      250.9664160000002
    ]
  },
  "taro-vue3": {
    "babel": [
      270.3135000000002
    ]
  },
  "uni-app-webpack-vue2": {
    "babel": [
      299.37791599999946
    ]
  },
  "uni-app-vite-vue3": {
    "babel": [
      459.0960420000001
    ]
  },
  "uni-app-webpack5-vue2": {
    "babel": [
      212.94958300000008
    ]
  }
}
