{
  "mpx": {
    "babel": [
      1.1765839999998207,
      0.45287499999994907,
      0.28370799999993324,
      0.1623329999993075,
      0.37441599999965547,
      0.5214169999999285,
      429.64108300000044
    ]
  },
  "native-webpack": {
    "babel": [
      123.5319169999998
    ]
  },
  "rax": {
    "babel": [
      0.5313329999999041,
      0.17549999999982901,
      0.29962499999965075,
      0.1487090000000535,
      0.30404100000032486,
      0.5570839999995769,
      141.47691600000007
    ]
  },
  "taro-react": {
    "babel": [
      339.0469579999999,
      162.64674999999988,
      244.58983399999852
    ]
  },
  "taro-vue3": {
    "babel": [
      303.9517500000002
    ]
  },
  "uni-app-webpack-vue2": {
    "babel": [
      313.14645800000017
    ]
  },
  "uni-app-vite-vue3": {
    "babel": [
      481.36741699999993
    ]
  },
  "uni-app-webpack5-vue2": {
    "babel": [
      179.5848329999999
    ]
  }
}
