{
  "rax": {
    "babel": [
      0.5475420000002487,
      0.3905830000003334,
      0.3724160000001575,
      0.3849580000005517,
      0.4240830000007918,
      0.3276660000001357,
      264.89604099999997
    ]
  },
  "uni-app-webpack5-vue2": {
    "babel": [
      448.21520899999996
    ]
  },
  "mpx": {
    "babel": [
      5.17699999999968,
      111.39100000000144,
      0.46120800000062445,
      0.4540419999993901,
      1.2779159999990952,
      1.3876669999990554,
      444.3990840000006
    ]
  },
  "taro-react": {
    "babel": [
      493.9031669999986,
      759.5323750000007,
      451.99454200000037
    ]
  },
  "taro-vue3": {
    "babel": [
      758.2199170000004,
      457.43404199999986,
      5.6194589999995515
    ]
  },
  "uni-app-webpack-vue2": {
    "babel": [
      435.6446670000005
    ]
  },
  "native-webpack": {
    "babel": [
      69.1546659999999
    ]
  }
}
