{
  "rax": {
    "babel": [
      24.940958000001046,
      63.733125000000655,
      70.50870799999939,
      5.345874999999069,
      36.12645900000098,
      10.446749999999156,
      210.7107500000002,
      12.660584000000199,
      21.493583999999828,
      23.956874999999854,
      16.194292000000132,
      8.327292000000853,
      20.252583000000413,
      77.45129199999974
    ]
  },
  "mpx": {
    "babel": [
      32.636209000000235,
      29.71033400000124,
      15.188833000000159,
      61.24629199999981,
      11.167124999999942,
      12.367874999999913,
      666.3157080000001,
      19.934957999999824,
      11.330582999999024,
      16.787000000000262,
      23.820541999999477,
      11.883874999999534,
      8.60608300000058,
      313.5568340000009
    ]
  },
  "uni-app-webpack-vue2": {
    "babel": [
      421.16158300000006,
      492.4654160000009
    ]
  },
  "taro-react": {
    "babel": [
      236.48433300000033,
      293.70229199999994,
      419.1922080000004,
      171.35379100000046,
      128.12520800000038,
      177.4862919999996
    ]
  },
  "uni-app-webpack5-vue2": {
    "babel": [
      245.47762499999953,
      124.8757499999997,
      123.50991700000031,
      108.16783300000043,
      120.602709,
      112.25900000000001,
      142.00962500000014,
      270.328708
    ]
  },
  "native-webpack": {
    "babel": [
      86.30845799999997,
      89.5
    ]
  },
  "taro-vue3": {
    "babel": [
      237.37220900000102,
      417.3598750000001
    ]
  }
}
