{
  "mpx": {
    "babel": [
      55.76404199999979,
      0.24645800000007512,
      0.19379200000003038,
      0.12516599999980826,
      0.19487500000013824,
      0.1162080000003698,
      216.12945900000068
    ]
  },
  "native-webpack": {
    "babel": [
      48.12175000000002
    ]
  },
  "rax": {
    "babel": [
      0.3322080000002643,
      0.10320799999999508,
      0.3500420000000304,
      0.12420799999972587,
      0.23204100000020844,
      0.38620799999989686,
      72.71479199999976
    ]
  },
  "taro-react": {
    "babel": [
      241.916792,
      141.3138340000005,
      356.30683399999907
    ]
  },
  "taro-vue2": {
    "babel": [
      182.65845799999988
    ]
  },
  "taro-vue3": {
    "babel": [
      204.91033399999924
    ]
  },
  "uni-app-webpack-vue2": {
    "babel": [
      216.95995799999992
    ]
  },
  "uni-app-vite-vue3": {
    "babel": [
      300.2632910000002
    ]
  },
  "uni-app-webpack5-vue2": {
    "babel": [
      106.31312500000013
    ]
  }
}
