{
  "uni-app-vite-vue3": {
    "babel": [
      430.3215829999999,
      480.51141700000016,
      428.930875,
      421.93445900000006,
      421.3763329999997,
      422.52708299999995,
      424.11566700000003
    ]
  },
  "mpx": {
    "babel": [
      250.6136250000004,
      5.58483299999989,
      5.3852499999998145,
      6.7152500000001965,
      3.604334000000563,
      2.177458000000115,
      373.4695419999998,
      64.10645900000054,
      13.93445900000006,
      5.256582999999409,
      6.328375000000051,
      11.109124999999949,
      5.478499999999258,
      403.61662499999966,
      1.0319159999999101,
      4.458875000000262,
      4.281041999999616,
      6.095999999999549,
      3.024250000000393,
      4.356917000000067,
      385.2577919999994,
      1.0830830000004426,
      12.875541999999768,
      3.433125000000473,
      4.249917000000096,
      2.583875000000262,
      3.869332999999642,
      383.92462499999965,
      421.97462500000006,
      458.33958299999995
    ]
  },
  "native-webpack": {
    "babel": [
      113.2015829999998,
      113.95850000000019,
      113.24154199999998,
      115.08170900000005,
      137.86537499999986,
      119.34454200000005
    ]
  },
  "rax": {
    "babel": [
      2.021624999999858,
      4.695624999999836,
      12.897041999999601,
      0.3455829999998059,
      0.3846659999999247,
      0.4045000000000982,
      136.00458400000025,
      1.8377920000002632,
      4.465333999999984,
      21.31750000000011,
      0.5397079999997914,
      1.2108330000000933,
      0.4802500000000691,
      133.84074999999984,
      0.987999999999829,
      3.8430829999997513,
      9.961166999999932,
      11.015542000000096,
      23.311915999999655,
      0.4580000000000837,
      128.43229199999996,
      2.1574579999996786,
      4.55987499999992,
      0.46254199999975754,
      1.409125000000131,
      18.50545800000009,
      0.36291700000037963,
      134.1055419999998,
      3.3694579999996677,
      5.944332999999915,
      11.280999999999949,
      12.257084000000305,
      0.5227919999997539,
      0.3447500000002037,
      133.6900840000003,
      0.7105000000001382,
      3.142417000000023,
      0.15133300000024974,
      1.0584160000003067,
      22.1853329999999,
      0.6246249999999236,
      132.24183300000004
    ]
  },
  "taro-react": {
    "babel": [
      263.11495899999954,
      421.4865839999993,
      257.2821249999997,
      254.88883299999998,
      405.8312499999993,
      246.1944169999988,
      264.2192920000007,
      499.0972499999998,
      242.74658400000044,
      324.8125,
      482.5490410000011,
      235.93420800000058,
      263.5340419999993,
      534.0320419999989,
      245.6358340000006,
      298.64245800000026,
      511.61612500000047,
      291.7118330000012
    ]
  },
  "taro-vue2": {
    "babel": [
      227.74904199999946,
      237.034541,
      232.51766700000007,
      225.78087499999947,
      227.0985410000003,
      223.95874999999978
    ]
  },
  "taro-vue3": {
    "babel": [
      268.183583,
      288.82183299999997,
      281.5749160000005,
      271.41250000000036,
      270.8879999999999,
      278.59891699999935
    ]
  },
  "uni-app-webpack-vue2": {
    "babel": [
      316.3634170000005,
      301.5768339999995,
      299.34037499999977,
      296.4220409999998,
      295.65258300000005,
      299.8625000000002
    ]
  },
  "uni-app-webpack5-vue2": {
    "babel": [
      174.89183299999968,
      170.04229199999963,
      173.70125000000007,
      173.76608299999998,
      169.503917,
      171.60412499999984
    ]
  }
}
