{
  "mpx": {
    "babel": [
      50.571915999999874,
      0.36808299999938754,
      0.2095420000005106,
      0.2574580000000424,
      0.30900000000019645,
      0.29216600000017934,
      426.6213750000006
    ]
  },
  "native-webpack": {
    "babel": [
      118.41766599999983
    ]
  },
  "rax": {
    "babel": [
      0.45820800000001327,
      0.12991699999975026,
      0.26416699999981574,
      0.2847919999999249,
      0.17124999999987267,
      0.536167000000205,
      134.95629199999985
    ]
  },
  "taro-react": {
    "babel": [
      279.038958000001,
      173.49416700000074,
      256.57287499999984
    ]
  },
  "taro-vue3": {
    "babel": [
      370.9008329999997
    ]
  },
  "uni-app-webpack-vue2": {
    "babel": [
      326.44275000000016
    ]
  },
  "uni-app-vite-vue3": {
    "babel": [
      454.19995900000004
    ]
  },
  "uni-app-webpack5-vue2": {
    "babel": [
      194.2230000000004
    ]
  }
}
