{
  "mpx": {
    "babel": [
      53.80308399999967,
      0.298041000000012,
      0.1924579999999878,
      0.7211250000000291,
      0.2071249999999054,
      0.1672919999991791,
      265.6295419999997
    ]
  },
  "native-webpack": {
    "babel": [
      48.711042000000134
    ]
  },
  "rax": {
    "babel": [
      0.3687079999999696,
      0.11074999999982538,
      0.21508300000004965,
      0.33454200000005585,
      0.28016699999989214,
      0.37254099999972823,
      74.80399999999963
    ]
  },
  "taro-react": {
    "babel": [
      264.28620799999953,
      148.60212500000034,
      386.14287499999955
    ]
  },
  "taro-vue2": {
    "babel": [
      189.9479999999994
    ]
  },
  "taro-vue3": {
    "babel": [
      279.5510830000003
    ]
  },
  "uni-app-webpack-vue2": {
    "babel": [
      210.40612499999997
    ]
  },
  "uni-app-vite-vue3": {
    "babel": [
      304.81275000000005
    ]
  },
  "uni-app-webpack5-vue2": {
    "babel": [
      112.673542
    ]
  }
}
