{
  "rax": {
    "babel": [
      24.940958000001046,
      63.733125000000655,
      70.50870799999939,
      5.345874999999069,
      36.12645900000098,
      10.446749999999156,
      210.7107500000002
    ]
  },
  "mpx": {
    "babel": [
      32.636209000000235,
      29.71033400000124,
      15.188833000000159,
      61.24629199999981,
      11.167124999999942,
      12.367874999999913,
      666.3157080000001
    ]
  },
  "uni-app-webpack-vue2": {
    "babel": [
      421.16158300000006
    ]
  },
  "taro-react": {
    "babel": [
      236.48433300000033,
      293.70229199999994,
      419.1922080000004
    ]
  },
  "uni-app-webpack5-vue2": {
    "babel": [
      245.47762499999953,
      124.8757499999997,
      123.50991700000031,
      108.16783300000043,
      120.602709
    ]
  },
  "native-webpack": {
    "babel": [
      86.30845799999997
    ]
  },
  "taro-vue3": {
    "babel": [
      237.37220900000102
    ]
  }
}
