{
  "mpx": {
    "ast-grep": [
      437.58025
    ],
    "babel": [
      53.90149999999994,
      5.860375000000204,
      4.230333000000428,
      4.841000000000349,
      7.535917000000154,
      1.9779159999998228,
      390.8733750000001,
      428.3156250000002,
      432.61195799999996,
      569.3507500000001,
      421.4536250000001,
      66.93879199999992,
      11.358624999999847,
      5.301124999999956,
      5.844749999999749,
      5.339124999999967,
      6.066499999999905,
      399.81725000000006
    ]
  },
  "native-webpack": {
    "ast-grep": [
      124.22254199999998
    ],
    "babel": [
      125.11562500000014,
      125.41283399999998,
      126.4542919999999,
      132.41399999999976,
      126.25762499999996,
      124.83012499999995,
      123.58237499999996
    ]
  },
  "rax": {
    "ast-grep": [
      212.0554169999998
    ],
    "babel": [
      2.0883749999998145,
      4.42816700000003,
      0.7704590000003009,
      0.9066250000000764,
      1.6178749999999127,
      0.38437500000009095,
      139.4131669999997,
      2.0494579999999587,
      4.369458000000122,
      0.6074159999998301,
      1.36974999999984,
      21.65237500000012,
      0.38512500000024374,
      145.7610420000001,
      2.696292000000085,
      5.393082999999933,
      22.41825000000017,
      26.46512500000017,
      27.712750000000142,
      0.3995829999998932,
      148.18191699999988,
      2.282832999999755,
      4.8760409999999865,
      16.434042000000318,
      10.041666999999961,
      25.663375000000087,
      0.35920800000030795,
      144.72054200000002,
      220.32783299999983,
      207.52833399999986,
      205.1807920000001
    ]
  },
  "taro-react": {
    "ast-grep": [
      286.765625,
      453.8062920000002,
      424.42554199999904
    ],
    "babel": [
      291.8265000000001,
      450.3941249999998,
      423.3744170000009,
      347.3224170000003,
      515.6807500000004,
      422.87020799999846,
      312.0408750000006,
      572.6658750000006,
      433.89337499999965,
      278.9639580000003,
      445.21849999999904,
      444.8607919999995,
      293.6109580000002,
      470.19524999999976,
      575.3876249999994,
      277.90912500000013,
      511.0324579999997,
      424.79554199999984,
      268.2258750000001,
      424.7232090000007,
      442.5755829999998
    ]
  },
  "taro-vue2": {
    "ast-grep": [
      330.1222499999999
    ],
    "babel": [
      250.5794589999996,
      240.60020799999984,
      242.750583,
      251.24083300000075,
      345.17483300000004,
      331.7319590000002,
      327.49016699999993
    ]
  },
  "taro-vue3": {
    "babel": [
      366.70704099999966,
      294.0397089999997,
      292.31825000000026,
      296.88137499999993,
      315.4346660000001,
      366.1757499999999,
      350.9509170000001,
      354.9219170000001
    ]
  },
  "uni-app-webpack-vue2": {
    "ast-grep": [
      356.3273339999996
    ],
    "babel": [
      344.878334,
      377.481084,
      356.3141249999999,
      369.60870800000066,
      365.6798750000007,
      312.3643339999999,
      307.6013329999996
    ]
  },
  "uni-app-vite-vue3": {
    "ast-grep": [
      434.06608400000005
    ],
    "babel": [
      426.90258399999993,
      426.2283749999997,
      440.83687499999996,
      469.86900000000014,
      445.203125,
      436.55462499999976,
      420.9415829999998
    ]
  },
  "uni-app-webpack5-vue2": {
    "ast-grep": [
      190.58620800000017
    ],
    "babel": [
      183.64904100000012,
      185.3277079999998,
      187.3683329999999,
      187.7666250000002,
      185.81304199999977,
      188.6932079999997,
      183.35516700000016
    ]
  }
}
