{
  "mpx": {
    "babel": [
      264.9694159999999,
      5.869916999999987,
      3.304374999999709,
      3.804584000000432,
      5.24645800000053,
      3.2466670000003433,
      384.41199999999935,
      291.63458399999945,
      10.167874999999185,
      4.748165999999401,
      5.34545799999978,
      3.6422499999998763,
      3.492833000000246,
      390.7696249999999,
      1.871791000000485,
      14.46337500000027,
      6.744832999999744,
      7.474957999999788,
      2.770542000000205,
      16.077916999998706,
      551.3091249999998,
      634.6770000000001,
      592.4315419999998,
      1.4900420000003578,
      8.532333000000108,
      5.574125000000095,
      6.85266700000011,
      6.717749999999796,
      32.615208000000166,
      489.8813330000012,
      2.4711669999996957,
      8.73962500000016,
      4.649042000000009,
      5.409832999999708,
      0.2511670000003505,
      5.906582999999955,
      365.7821670000003,
      54.479665999999725,
      5.499166999999943,
      3.1942500000004657,
      3.823167000000467,
      4.212749999999687,
      5.625042000000576,
      377.64024999999947
    ]
  },
  "native-webpack": {
    "babel": [
      122.83783300000005,
      132.459292,
      293.1593750000002,
      166.61141700000007,
      252.32716699999992,
      145.05862500000012,
      122.60004100000015,
      122.46495800000002
    ]
  },
  "rax": {
    "babel": [
      1.931166999999732,
      4.404375000000073,
      0.7024999999998727,
      0.09795799999983501,
      23.44658299999992,
      0.21370900000010806,
      130.9198749999996,
      5.94800000000032,
      8.706458000000111,
      0.494499999999789,
      0.38283400000000256,
      1.1890419999999722,
      0.197208000000046,
      142.930292,
      39.47679100000005,
      57.042207999999846,
      1.2390840000007302,
      31.356042000000343,
      33.9158750000006,
      0.7335830000001806,
      223.12362500000017,
      315.87195900000006,
      314.83791699999983,
      1.3559170000007725,
      6.10608400000001,
      4.23804199999995,
      11.095749999999498,
      12.12841599999956,
      2.590166999999383,
      261.2147079999995,
      0.31879099999969185,
      4.785457999999835,
      13.652042000000165,
      14.906792000000223,
      0.45362500000010186,
      0.5302080000001297,
      139.36479100000042,
      2.2417089999999007,
      5.0182089999998425,
      0.19179099999973914,
      0.9516249999996944,
      25.198459000000184,
      0.3127079999999296,
      144.01766700000007
    ]
  },
  "taro-react": {
    "babel": [
      249.55066699999952,
      408.21641699999964,
      420.08620899999914,
      262.5421669999996,
      421.494999999999,
      454.8206250000003,
      421.15191700000287,
      662.1843340000014,
      703.6873750000013,
      471.6336659999979,
      220.28791700000147,
      1174.7436670000025,
      394.43945899999926,
      616.8467920000003,
      690.1599999999999,
      400.5840419999986,
      707.6481669999994,
      646.0902499999993,
      640.1175829999993,
      431.57920800000284,
      2754.0706250000003,
      641.9926669999986,
      289.5119580000028,
      1187.992666000002,
      332.0047080000004,
      526.0232500000002,
      586.3376250000001,
      255.72454199999993,
      408.33995799999957,
      496.2237499999992,
      261.393333,
      482.9444999999996,
      412.4591249999994
    ],
    "ast-grep": [
      447.9772919999996,
      181.3012499999968,
      505.2253329999985,
      348.5693749999991,
      471.9016250000004,
      367.5920839999999,
      345.8108749999665,
      137.7501250000205,
      480.0877910000272,
      325.1242920000004,
      195.34237500000017,
      522.611541000002,
      190.26025000000118,
      235.65354200000002,
      238.6782920000005
    ]
  },
  "taro-vue2": {
    "babel": [
      249.602167,
      240.5038339999992,
      459.59020800000144,
      479.2626670000004,
      515.152709,
      370.80270800000017,
      289.45024999999987,
      259.62354099999993
    ]
  },
  "taro-vue3": {
    "babel": [
      328.2092080000002,
      295.5197910000006,
      472.0979580000003,
      704.7514579999997,
      550.1051669999997,
      408.70629199999894,
      335.29012499999953,
      307.89437499999985
    ]
  },
  "uni-app-webpack-vue2": {
    "babel": [
      366.5882499999998,
      319.9581250000001,
      419.0821669999996,
      530.0340829999996,
      564.4872919999998,
      490.4715839999999,
      318.07795800000076,
      320.82129200000054
    ]
  },
  "uni-app-vite-vue3": {
    "babel": [
      469.7485419999998,
      476.6790839999999,
      1321.4611250000003,
      807.6842909999996,
      742.6008750000001,
      638.7912499999998,
      458.1952080000001,
      439.55658300000005
    ]
  },
  "uni-app-webpack5-vue2": {
    "babel": [
      218.83166600000004,
      186.5713340000002,
      416.07008399999995,
      280.22791699999925,
      235.63724999999977,
      184.6663749999998,
      188.14458299999978
    ],
    "ast-grep": [
      9866.829167,
      11352.78,
      221.7519580000003
    ]
  }
}
