{
  "mpx": {
    "babel": [
      1.08600000000024,
      0.3649169999998776,
      0.28291699999999764,
      0.1821669999999358,
      0.4072500000002037,
      0.19733300000007148,
      450.8708749999996
    ]
  },
  "native-webpack": {
    "babel": [
      120.81174999999985
    ]
  },
  "rax": {
    "babel": [
      0.4590410000000702,
      0.11237499999970169,
      0.25749999999970896,
      0.2527500000001055,
      0.15729200000032506,
      0.5441249999998945,
      135.8925830000003
    ]
  },
  "taro-react": {
    "babel": [
      319.76654099999996,
      158.59066699999948,
      252.02287500000057
    ]
  },
  "taro-vue3": {
    "babel": [
      308.02837499999987
    ]
  },
  "uni-app-webpack-vue2": {
    "babel": [
      305.59070800000063
    ]
  },
  "uni-app-vite-vue3": {
    "babel": [
      453.8710000000001
    ]
  },
  "uni-app-webpack5-vue2": {
    "babel": [
      168.272375
    ]
  }
}
