{
  "mpx": {
    "babel": [
      1.673291999999492,
      14.801457999999911,
      4.508457999999337,
      5.416791999999987,
      9.714833999999428,
      4.19329099999959,
      379.50208399999974
    ]
  },
  "native-webpack": {
    "babel": [
      124.1691249999999
    ]
  },
  "rax": {
    "babel": [
      2.8070000000002437,
      5.618832999999995,
      11.163708000000042,
      0.8620419999997466,
      1.9834999999998217,
      0.4301660000000993,
      146.3187079999998
    ]
  },
  "taro-react": {
    "babel": [
      259.90191699999923,
      420.846207999999,
      441.6641670000008
    ]
  },
  "taro-vue2": {
    "babel": [
      255.51079200000004
    ]
  },
  "taro-vue3": {
    "babel": [
      301.0307499999999
    ]
  },
  "uni-app-webpack-vue2": {
    "babel": [
      334.73320799999965
    ]
  },
  "uni-app-vite-vue3": {
    "babel": [
      557.3053340000001
    ]
  },
  "uni-app-webpack5-vue2": {
    "babel": [
      199.34962499999983
    ]
  }
}
