{
  "mpx": {
    "babel": [
      1.0144999999997708,
      4.541707999999744,
      2.340874999999869,
      2.8998329999994894,
      7.571624999999585,
      4.807125000000269,
      404.749417
    ]
  },
  "native-webpack": {
    "babel": [
      117.95575000000008
    ]
  },
  "rax": {
    "babel": [
      0.6830420000001141,
      3.4614999999998872,
      21.97783299999992,
      0.5008749999997235,
      21.609958000000006,
      0.42958299999963856,
      164.79208299999982
    ]
  },
  "taro-react": {
    "babel": [
      259.2059159999999,
      421.1170409999995,
      239.32437500000015
    ]
  },
  "taro-vue2": {
    "babel": [
      230.7774589999999
    ]
  },
  "taro-vue3": {
    "babel": [
      292.524625
    ]
  },
  "uni-app-webpack-vue2": {
    "babel": [
      314.8746659999997
    ]
  },
  "uni-app-vite-vue3": {
    "babel": [
      433.5503749999998
    ]
  },
  "uni-app-webpack5-vue2": {
    "babel": [
      178.44095800000014
    ]
  }
}
