{
  "mpx": {
    "ast-grep": [
      437.58025
    ],
    "babel": [
      53.90149999999994,
      5.860375000000204,
      4.230333000000428,
      4.841000000000349,
      7.535917000000154,
      1.9779159999998228,
      390.8733750000001,
      428.3156250000002,
      432.61195799999996
    ]
  },
  "native-webpack": {
    "ast-grep": [
      124.22254199999998
    ],
    "babel": [
      125.11562500000014,
      125.41283399999998,
      126.4542919999999
    ]
  },
  "rax": {
    "ast-grep": [
      212.0554169999998
    ],
    "babel": [
      2.0883749999998145,
      4.42816700000003,
      0.7704590000003009,
      0.9066250000000764,
      1.6178749999999127,
      0.38437500000009095,
      139.4131669999997,
      2.0494579999999587,
      4.369458000000122,
      0.6074159999998301,
      1.36974999999984,
      21.65237500000012,
      0.38512500000024374,
      145.7610420000001,
      2.696292000000085,
      5.393082999999933,
      22.41825000000017,
      26.46512500000017,
      27.712750000000142,
      0.3995829999998932,
      148.18191699999988
    ]
  },
  "taro-react": {
    "ast-grep": [
      286.765625,
      453.8062920000002,
      424.42554199999904
    ],
    "babel": [
      291.8265000000001,
      450.3941249999998,
      423.3744170000009,
      347.3224170000003,
      515.6807500000004,
      422.87020799999846,
      312.0408750000006,
      572.6658750000006,
      433.89337499999965
    ]
  },
  "taro-vue2": {
    "ast-grep": [
      330.1222499999999
    ],
    "babel": [
      250.5794589999996,
      240.60020799999984,
      242.750583
    ]
  },
  "taro-vue3": {
    "babel": [
      366.70704099999966,
      294.0397089999997,
      292.31825000000026,
      296.88137499999993
    ]
  },
  "uni-app-webpack-vue2": {
    "ast-grep": [
      356.3273339999996
    ],
    "babel": [
      344.878334,
      377.481084,
      356.3141249999999
    ]
  },
  "uni-app-vite-vue3": {
    "ast-grep": [
      434.06608400000005
    ],
    "babel": [
      426.90258399999993,
      426.2283749999997,
      440.83687499999996
    ]
  },
  "uni-app-webpack5-vue2": {
    "ast-grep": [
      190.58620800000017
    ],
    "babel": [
      183.64904100000012,
      185.3277079999998,
      187.3683329999999
    ]
  }
}
