{
  "native-webpack": {
    "babel": [
      96.21675000000005,
      222.32687500000065,
      272.80870799999957,
      2124.7638750000006,
      346.23329099999955
    ]
  },
  "mpx": {
    "babel": [
      1.1636250000001382,
      0.3757919999998194,
      0.3241250000000946,
      1.6598330000006172,
      0.9039999999995416,
      0.45362500000010186,
      614.6315000000004,
      6.846542000000227,
      1.1640000000006694,
      0.6804169999995793,
      0.6511669999999867,
      3.054583000001003,
      0.47445799999877636,
      773.0369580000006,
      6.03912500000024,
      0.8724579999998241,
      0.4705420000009326,
      0.27758299999914016,
      0.5386669999988953,
      0.8130420000015874,
      611.8561250000002,
      11291.834125000001,
      1.963833000001614,
      1.0975829999988491,
      0.9577079999980924,
      0.4827499999992142,
      0.5222079999984999,
      0.5067080000007991,
      637.7097499999982
    ]
  },
  "uni-app-webpack5-vue2": {
    "babel": [
      336.9957919999997,
      902.7702910000007,
      258.39408399999957,
      230.8468329999996,
      781.2445420000004,
      1729.1356669999986
    ]
  },
  "rax": {
    "babel": [
      33.87250000000495,
      0.40841699999873526,
      12.724416000004567,
      389.5472910000026,
      34.74124999999913,
      115.08779199999844,
      1.283832999999504,
      0.5982920000005834,
      1.140665999999328,
      0.6705419999998412,
      0.592625000001135,
      0.47537499999998545,
      302.3125,
      0.8606669999999212,
      0.4584580000000642,
      0.38049999999975626,
      0.7033329999999296,
      0.4753329999998641,
      0.39095799999995506,
      98.29199999999946,
      0.9405420000002778,
      0.5067920000001322,
      0.46716600000036124,
      0.8216249999995853,
      0.5007500000001528,
      0.6852920000001177,
      113.5391669999999,
      210.90700000000015,
      184.26200000000017,
      992.2432910000007
    ]
  },
  "uni-app-webpack-vue2": {
    "babel": [
      6362.794332999998,
      389.0305410000001,
      652.5453340000022
    ]
  },
  "taro-vue3": {
    "babel": [
      540.3225419999981
    ]
  },
  "taro-react": {
    "babel": [
      300.8393330000008,
      365.5809589999999,
      385.993625000001
    ]
  },
  "uni-app-vite-vue3": {
    "babel": [
      569.5044589999998
    ]
  }
}
