{
  "rax": {
    "babel": [
      1.6702500000010332,
      0.5067079999989801,
      0.5849589999997988,
      0.6085840000014286,
      0.7970830000012938,
      1.0721249999987776,
      663.8995409999989
    ]
  },
  "uni-app-webpack5-vue2": {
    "babel": [
      1562.2190410000003
    ]
  },
  "native-webpack": {
    "babel": [
      298.1059580000001
    ]
  },
  "mpx": {
    "babel": [
      3.186249999998836,
      0.861957999994047,
      0.6865420000031008,
      0.6916659999988042,
      0.6178330000038841,
      0.9268749999973807,
      3001.418458
    ]
  },
  "uni-app-webpack-vue2": {
    "babel": [
      2143.918708000001
    ]
  },
  "taro-react": {
    "babel": [
      1621.6210410000022,
      1453.559916000002,
      348.33129199999894
    ]
  },
  "taro-vue3": {
    "babel": [
      538.953458
    ]
  }
}
