{
  "mpx": {
    "babel": [
      1.055583999999726,
      5.585457999999562,
      3.428874999999607,
      3.958499999999731,
      4.794542000000547,
      5.4912920000006125,
      376.5256249999993
    ]
  },
  "native-webpack": {
    "babel": [
      124.33404100000007
    ]
  },
  "rax": {
    "babel": [
      0.5260419999999613,
      4.704834000000119,
      10.532082999999602,
      24.425959000000148,
      25.18229199999996,
      0.39495899999974426,
      143.1524159999999
    ]
  },
  "taro-react": {
    "babel": [
      313.90479199999936,
      470.6803340000006,
      428.2592089999998
    ]
  },
  "taro-vue2": {
    "babel": [
      243.2892920000004
    ]
  },
  "taro-vue3": {
    "babel": [
      307.6152089999996
    ]
  },
  "uni-app-webpack-vue2": {
    "babel": [
      310.19437500000004
    ]
  },
  "uni-app-vite-vue3": {
    "babel": [
      432.2867080000001
    ]
  },
  "uni-app-webpack5-vue2": {
    "babel": [
      186.17604200000005
    ]
  }
}
