{
  "native-webpack": {
    "babel": [
      275.96970800000054
    ]
  },
  "rax": {
    "babel": [
      0.6437499999992724,
      0.3225830000010319,
      0.3641670000015438,
      0.8072920000013255,
      7.948207999999795,
      0.38066600000092876,
      454.6620409999996
    ]
  },
  "uni-app-webpack5-vue2": {
    "babel": [
      720.4515840000004
    ]
  },
  "taro-react": {
    "babel": [
      582.6831659999989,
      943.5870839999989,
      1213.9142920000013
    ]
  },
  "taro-vue3": {
    "babel": [
      856.2983339999992
    ]
  },
  "mpx": {
    "babel": [
      3.029291999999259,
      0.46191600000020117,
      813.4738340000004
    ]
  },
  "uni-app-webpack-vue2": {
    "babel": [
      514.3272919999999
    ]
  }
}
