{
  "mpx": {
    "babel": [
      1.7936249999997926,
      13.081874999999854,
      6.2159999999998945,
      6.744583000000148,
      3.3965419999994992,
      1.0068750000000364,
      396.10212500000034
    ]
  },
  "native-webpack": {
    "babel": [
      123.24270799999977
    ]
  },
  "rax": {
    "babel": [
      2.6073339999998097,
      5.394916999999623,
      20.47799999999961,
      22.939833000000363,
      23.87758299999996,
      0.3623330000000351,
      140.88129199999958
    ]
  },
  "taro-react": {
    "babel": [
      262.36825000000135,
      426.00833299999977,
      338.18383299999914
    ]
  },
  "taro-vue2": {
    "babel": [
      251.53708300000017
    ]
  },
  "taro-vue3": {
    "babel": [
      355.66308299999946
    ]
  },
  "uni-app-webpack-vue2": {
    "babel": [
      305.92070800000056
    ]
  },
  "uni-app-vite-vue3": {
    "babel": [
      431.67300000000023
    ]
  },
  "uni-app-webpack5-vue2": {
    "babel": [
      173.81862499999988
    ]
  }
}
