{
  "mpx": {
    "babel": [
      264.9694159999999,
      5.869916999999987,
      3.304374999999709,
      3.804584000000432,
      5.24645800000053,
      3.2466670000003433,
      384.41199999999935,
      291.63458399999945,
      10.167874999999185,
      4.748165999999401,
      5.34545799999978,
      3.6422499999998763,
      3.492833000000246,
      390.7696249999999
    ]
  },
  "native-webpack": {
    "babel": [
      122.83783300000005,
      132.459292
    ]
  },
  "rax": {
    "babel": [
      1.931166999999732,
      4.404375000000073,
      0.7024999999998727,
      0.09795799999983501,
      23.44658299999992,
      0.21370900000010806,
      130.9198749999996,
      5.94800000000032,
      8.706458000000111,
      0.494499999999789,
      0.38283400000000256,
      1.1890419999999722,
      0.197208000000046,
      142.930292
    ]
  },
  "taro-react": {
    "babel": [
      249.55066699999952,
      408.21641699999964,
      420.08620899999914,
      262.5421669999996,
      421.494999999999,
      454.8206250000003
    ]
  },
  "taro-vue2": {
    "babel": [
      249.602167,
      240.5038339999992
    ]
  },
  "taro-vue3": {
    "babel": [
      328.2092080000002,
      295.5197910000006
    ]
  },
  "uni-app-webpack-vue2": {
    "babel": [
      366.5882499999998,
      319.9581250000001
    ]
  },
  "uni-app-vite-vue3": {
    "babel": [
      469.7485419999998,
      476.6790839999999
    ]
  },
  "uni-app-webpack5-vue2": {
    "babel": [
      218.83166600000004,
      186.5713340000002
    ],
    "ast-grep": [
      9866.829167,
      11352.78
    ]
  }
}
