{
  "taro-react": {
    "ast-grep": [
      729.0599580000016,
      760.1349160000009,
      250.23420799999985
    ]
  },
  "taro-vue3": {
    "ast-grep": [
      99.33858400000008,
      278.9367090000005,
      9.724709000000075
    ]
  }
}
