{
  "mpx": {
    "babel": [
      253.65495800000008,
      12.804583000000093,
      2.922458999999435,
      3.506999999999607,
      7.766249999999673,
      8.436083999999937,
      376.79004200000054
    ]
  },
  "native-webpack": {
    "babel": [
      126.55875000000015
    ]
  },
  "rax": {
    "babel": [
      6.390084000000115,
      9.120249999999942,
      0.5019169999995938,
      26.014542000000347,
      26.90995900000007,
      0.3184160000000702,
      146.17316700000038
    ]
  },
  "taro-react": {
    "babel": [
      337.1518329999999,
      488.21300000000156,
      431.214958999999
    ]
  },
  "taro-vue2": {
    "babel": [
      257.8372079999999
    ]
  },
  "taro-vue3": {
    "babel": [
      294.13670900000034
    ]
  },
  "uni-app-webpack-vue2": {
    "babel": [
      326.57075000000077
    ]
  },
  "uni-app-vite-vue3": {
    "babel": [
      435.93479100000013
    ]
  },
  "uni-app-webpack5-vue2": {
    "babel": [
      184.89212499999985
    ]
  }
}
