{
  "mpx": {
    "babel": [
      1.0088329999998678,
      0.41591699999980847,
      0.2905409999998483,
      0.2148749999996653,
      0.42029100000036124,
      0.23533399999996618,
      427.8275000000003
    ]
  },
  "native-webpack": {
    "babel": [
      124.98825000000033
    ]
  },
  "rax": {
    "babel": [
      0.5103329999997186,
      0.13758300000017698,
      0.25879100000020117,
      0.13433400000030815,
      0.27183300000024246,
      0.508542000000034,
      142.41016599999966
    ]
  },
  "taro-react": {
    "babel": [
      344.8107920000002,
      164.00858400000106,
      249.40749999999935
    ]
  },
  "taro-vue2": {
    "babel": [
      247.0019999999995
    ]
  },
  "taro-vue3": {
    "babel": [
      273.84749999999985
    ]
  },
  "uni-app-webpack-vue2": {
    "babel": [
      303.11491600000045
    ]
  },
  "uni-app-vite-vue3": {
    "babel": [
      430.0379170000001
    ]
  },
  "uni-app-webpack5-vue2": {
    "babel": [
      173.78791600000022
    ]
  }
}
