{
  "uni-app-vite-vue3": {
    "babel": [
      430.3215829999999,
      480.51141700000016
    ]
  },
  "mpx": {
    "babel": [
      250.6136250000004,
      5.58483299999989,
      5.3852499999998145,
      6.7152500000001965,
      3.604334000000563,
      2.177458000000115,
      373.4695419999998
    ]
  },
  "native-webpack": {
    "babel": [
      113.2015829999998
    ]
  },
  "rax": {
    "babel": [
      2.021624999999858,
      4.695624999999836,
      12.897041999999601,
      0.3455829999998059,
      0.3846659999999247,
      0.4045000000000982,
      136.00458400000025
    ]
  },
  "taro-react": {
    "babel": [
      263.11495899999954,
      421.4865839999993,
      257.2821249999997
    ]
  },
  "taro-vue2": {
    "babel": [
      227.74904199999946
    ]
  },
  "taro-vue3": {
    "babel": [
      268.183583
    ]
  },
  "uni-app-webpack-vue2": {
    "babel": [
      316.3634170000005
    ]
  },
  "uni-app-webpack5-vue2": {
    "babel": [
      174.89183299999968
    ]
  }
}
