{
  "mpx": {
    "babel": [
      50.57729199999994,
      0.45024999999986903,
      0.2586670000000595,
      0.13462499999968713,
      0.7812919999996666,
      0.3367499999994834,
      396.78158299999996
    ]
  },
  "native-webpack": {
    "babel": [
      92.71462500000007
    ]
  },
  "rax": {
    "babel": [
      0.4905420000000049,
      0.2051249999999527,
      0.26237499999979264,
      0.2626669999999649,
      0.1042090000000826,
      0.5551669999999831,
      98.16525000000001
    ]
  },
  "taro-react": {
    "babel": [
      313.2889580000001,
      164.69066600000042,
      192.92179100000067
    ]
  },
  "taro-vue3": {
    "babel": [
      279.3705829999999
    ]
  },
  "uni-app-webpack-vue2": {
    "babel": [
      268.78000000000065
    ]
  },
  "uni-app-vite-vue3": {
    "babel": [
      402.70112500000005
    ]
  },
  "uni-app-webpack5-vue2": {
    "babel": [
      140.9740829999996
    ]
  }
}
