{
  "files": [
    {
      "filepath": "/Users/icebreaker/Documents/GitHub/weapp-tailwindcss/packages/weapp-tailwindcss/test/bundlers.bench.ts",
      "groups": [
        {
          "fullName": "test/bundlers.bench.ts > webpack plugin benchmarks",
          "benchmarks": [
            {
              "id": "-836998645_0_0",
              "name": "webpack v5 build (wxml fixture, development)",
              "rank": 2,
              "rme": 3.5960601465750983,
              "samples": [],
              "totalTime": 1079.703833,
              "min": 353.9919160000004,
              "max": 363.8300839999997,
              "hz": 2.7785397331269825,
              "period": 359.90127766666666,
              "mean": 359.90127766666666,
              "variance": 27.139336970348676,
              "sd": 5.209542875372913,
              "sem": 3.0077309814514486,
              "df": 2,
              "critical": 4.303,
              "moe": 12.942266413185584,
              "p75": 363.8300839999997,
              "p99": 363.8300839999997,
              "p995": 363.8300839999997,
              "p999": 363.8300839999997,
              "sampleCount": 3,
              "median": 361.8818329999999
            },
            {
              "id": "-836998645_0_1",
              "name": "webpack v5 build (wxml fixture, production)",
              "rank": 1,
              "rme": 11.205873876761736,
              "samples": [],
              "totalTime": 1057.1449999999995,
              "min": 338.5881669999999,
              "max": 369.7637079999995,
              "hz": 2.8378320854755037,
              "period": 352.3816666666665,
              "mean": 352.3816666666665,
              "variance": 252.63681263071464,
              "sd": 15.894552923272634,
              "sem": 9.17672440890021,
              "df": 2,
              "critical": 4.303,
              "moe": 39.4874451314976,
              "p75": 369.7637079999995,
              "p99": 369.7637079999995,
              "p995": 369.7637079999995,
              "p999": 369.7637079999995,
              "sampleCount": 3,
              "median": 348.79312500000015
            }
          ]
        },
        {
          "fullName": "test/bundlers.bench.ts > vite plugin benchmarks",
          "benchmarks": [
            {
              "id": "-836998645_1_0",
              "name": "vite build (miniapp fixture, plugin enabled)",
              "rank": 1,
              "rme": 2.8840934648770213,
              "samples": [],
              "totalTime": 165.47779099999934,
              "min": 26.588958999999704,
              "max": 28.61858299999949,
              "hz": 36.2586421038218,
              "period": 27.579631833333224,
              "mean": 27.579631833333224,
              "variance": 0.5743051182965558,
              "sd": 0.7578292144649451,
              "sem": 0.30938248126888607,
              "df": 5,
              "critical": 2.571,
              "moe": 0.7954223593423061,
              "p75": 28.258374999999432,
              "p99": 28.61858299999949,
              "p995": 28.61858299999949,
              "p999": 28.61858299999949,
              "sampleCount": 6,
              "median": 27.457229000000098
            }
          ]
        },
        {
          "fullName": "test/bundlers.bench.ts > gulp plugin benchmarks",
          "benchmarks": [
            {
              "id": "-836998645_2_0",
              "name": "gulp transforms (css/js/wxml pipeline)",
              "rank": 1,
              "rme": 7.088450209096635,
              "samples": [],
              "totalTime": 151.89612500000112,
              "min": 49.74987500000043,
              "max": 52.29925000000003,
              "hz": 19.750339253223068,
              "period": 50.63204166666704,
              "mean": 50.63204166666704,
              "variance": 2.087046036457483,
              "sd": 1.4446612185759966,
              "sem": 0.8340755434326644,
              "df": 2,
              "critical": 4.303,
              "moe": 3.589027063390755,
              "p75": 52.29925000000003,
              "p99": 52.29925000000003,
              "p995": 52.29925000000003,
              "p999": 52.29925000000003,
              "sampleCount": 3,
              "median": 49.84700000000066
            }
          ]
        }
      ]
    },
    {
      "filepath": "/Users/icebreaker/Documents/GitHub/weapp-tailwindcss/packages/weapp-tailwindcss/test/core.bench.ts",
      "groups": [
        {
          "fullName": "test/core.bench.ts > weapp-tailwindcss runtime benchmarks",
          "benchmarks": [
            {
              "id": "-1292238417_0_0",
              "name": "wxss transform (v4 default bundle)",
              "rank": 5,
              "rme": 6.777280433510708,
              "samples": [],
              "totalTime": 1071.1035009999996,
              "min": 97.96466699999974,
              "max": 130.18937499999993,
              "hz": 9.336165917358908,
              "period": 107.11035009999996,
              "mean": 107.11035009999996,
              "variance": 102.98846599640633,
              "sd": 10.148323309611609,
              "sem": 3.209181609015082,
              "df": 9,
              "critical": 2.262,
              "moe": 7.259168799592116,
              "p75": 112.44320900000002,
              "p99": 130.18937499999993,
              "p995": 130.18937499999993,
              "p999": 130.18937499999993,
              "sampleCount": 10,
              "median": 102.5053335
            },
            {
              "id": "-1292238417_0_1",
              "name": "wxss transform (mpx component bundle)",
              "rank": 3,
              "rme": 4.560363751355586,
              "samples": [],
              "totalTime": 919.9799170000006,
              "min": 84.28104100000019,
              "max": 104.74429200000031,
              "hz": 10.869802498090829,
              "period": 91.99799170000006,
              "mean": 91.99799170000006,
              "variance": 34.40095209972112,
              "sd": 5.865232484712019,
              "sem": 1.854749365809869,
              "df": 9,
              "critical": 2.262,
              "moe": 4.195443065461924,
              "p75": 95.58691700000008,
              "p99": 104.74429200000031,
              "p995": 104.74429200000031,
              "p999": 104.74429200000031,
              "sampleCount": 10,
              "median": 90.24172950000002
            },
            {
              "id": "-1292238417_0_2",
              "name": "wxml transform (tdesign button)",
              "rank": 1,
              "rme": 4.203161862746967,
              "samples": [],
              "totalTime": 300.0772740000266,
              "min": 0.03787499999998545,
              "max": 6.089791000000332,
              "hz": 23410.636554900782,
              "period": 0.0427156261921746,
              "mean": 0.0427156261921746,
              "variance": 0.0058946764226142844,
              "sd": 0.07677679612105655,
              "sem": 0.0009160239334403252,
              "df": 7024,
              "critical": 1.96,
              "moe": 0.0017954069095430375,
              "p75": 0.040166999999200925,
              "p99": 0.07787499999994907,
              "p995": 0.13383299999986775,
              "p999": 0.5336249999991196,
              "sampleCount": 7025,
              "median": 0.03916699999990669
            },
            {
              "id": "-1292238417_0_3",
              "name": "js transform (large bundle, auto runtime discovery)",
              "rank": 4,
              "rme": 5.166337236981186,
              "samples": [],
              "totalTime": 1009.0914570000014,
              "min": 96.21987499999977,
              "max": 121.35408300000017,
              "hz": 9.909904529099572,
              "period": 100.90914570000014,
              "mean": 100.90914570000014,
              "variance": 53.11795676274832,
              "sd": 7.288206690451934,