{
  "files": [
    {
      "filepath": "/Users/yangqiming/Documents/GitHub/weapp-tailwindcss/packages/weapp-tailwindcss/test/bundlers.bench.ts",
      "groups": [
        {
          "fullName": "test/bundlers.bench.ts > webpack plugin benchmarks",
          "benchmarks": [
            {
              "id": "-836998645_0_0",
              "name": "webpack v5 build (wxml fixture, development)",
              "rank": 1,
              "rme": 1.0759999957481619,
              "samples": [],
              "totalTime": 4445.651457,
              "min": 1474.7389160000002,
              "max": 1487.1611249999987,
              "hz": 0.674816734738906,
              "period": 1481.883819,
              "mean": 1481.883819,
              "variance": 41.19375802572031,
              "sd": 6.418236364120623,
              "sem": 3.705570492547687,
              "df": 2,
              "critical": 4.303,
              "moe": 15.945069829432697,
              "p75": 1487.1611249999987,
              "p99": 1487.1611249999987,
              "p995": 1487.1611249999987,
              "p999": 1487.1611249999987,
              "sampleCount": 3,
              "median": 1483.751416000001
            },
            {
              "id": "-836998645_0_1",
              "name": "webpack v5 build (wxml fixture, production)",
              "rank": 2,
              "rme": 1.2679875672548717,
              "samples": [],
              "totalTime": 4458.520874000002,
              "min": 1477.5273329999982,
              "max": 1491.7085000000006,
              "hz": 0.6728688918996859,
              "period": 1486.1736246666671,
              "mean": 1486.1736246666671,
              "variance": 57.53705807000039,
              "sd": 7.58531858724473,
              "sem": 4.379385728234817,
              "df": 2,
              "critical": 4.303,
              "moe": 18.84449678859442,
              "p75": 1491.7085000000006,
              "p99": 1491.7085000000006,
              "p995": 1491.7085000000006,
              "p999": 1491.7085000000006,
              "sampleCount": 3,
              "median": 1489.2850410000028
            }
          ]
        },
        {
          "fullName": "test/bundlers.bench.ts > vite plugin benchmarks",
          "benchmarks": [
            {
              "id": "-836998645_1_0",
              "name": "vite build (miniapp fixture, plugin enabled)",
              "rank": 1,
              "rme": 0,
              "samples": []
            }
          ]
        },
        {
          "fullName": "test/bundlers.bench.ts > gulp plugin benchmarks",
          "benchmarks": [
            {
              "id": "-836998645_2_0",
              "name": "gulp transforms (css/js/wxml pipeline)",
              "rank": 1,
              "rme": 8.434101729761736,
              "samples": [],
              "totalTime": 126.3391660000052,
              "min": 9.837375000002794,
              "max": 14.130582999998296,
              "hz": 87.06722031075896,
              "period": 11.4853787272732,
              "mean": 11.4853787272732,
              "variance": 2.0793644907910402,
              "sd": 1.4420001701771883,
              "sem": 0.434779410191488,
              "df": 10,
              "critical": 2.228,
              "moe": 0.9686885259066355,
              "p75": 12.128958000001148,
              "p99": 14.130582999998296,
              "p995": 14.130582999998296,
              "p999": 14.130582999998296,
              "sampleCount": 11,
              "median": 11.178208000001177
            }
          ]
        }
      ]
    },
    {
      "filepath": "/Users/yangqiming/Documents/GitHub/weapp-tailwindcss/packages/weapp-tailwindcss/test/core.bench.ts",
      "groups": [
        {
          "fullName": "test/core.bench.ts > weapp-tailwindcss runtime benchmarks",
          "benchmarks": [
            {
              "id": "-1292238417_0_0",
              "name": "wxss transform (v4 default bundle)",
              "rank": 3,
              "rme": 1.8051060792449276,
              "samples": [],
              "totalTime": 300.0469209999974,
              "min": 0.4515830000000278,
              "max": 1.8312920000003032,
              "hz": 1843.0450749401452,
              "period": 0.542580327305601,
              "mean": 0.542580327305601,
              "variance": 0.013808500902884916,
              "sd": 0.1175095779197803,
              "sem": 0.004997015547438996,
              "df": 552,
              "critical": 1.96,
              "moe": 0.00979415047298043,
              "p75": 0.526459000000159,
              "p99": 0.9578750000000582,
              "p995": 1.043666999999914,
              "p999": 1.8312920000003032,
              "sampleCount": 553,
              "median": 0.5039170000000013
            },
            {
              "id": "-1292238417_0_1",
              "name": "wxss transform (mpx component bundle)",
              "rank": 2,
              "rme": 1.5997745627510889,
              "samples": [],
              "totalTime": 300.1415179999949,
              "min": 0.30862500000012005,
              "max": 0.9060420000000704,
              "hz": 2742.0398400197805,
              "period": 0.36469200243012745,
              "mean": 0.36469200243012745,
              "variance": 0.007292186132814772,
              "sd": 0.08539429801113639,
              "sem": 0.002976658105747327,
              "df": 822,
              "critical": 1.96,
              "moe": 0.005834249887264761,
              "p75": 0.35362499999973807,
              "p99": 0.7942500000003747,
              "p995": 0.8592079999998532,
              "p999": 0.9060420000000704,
              "sampleCount": 823,
              "median": 0.341874999999618
            },
            {
              "id": "-1292238417_0_2",
              "name": "wxml transform (tdesign button)",
              "rank": 1,
              "rme": 1.362998340883386,
              "samples": [],
              "totalTime": 300.0193540000005,
              "min": 0.0281249999998181,
              "max": 0.5599589999997079,
              "hz": 29348.106655812564,
              "period": 0.0340737483248155,
              "mean": 0.0340737483248155,
              "variance": 0.000494364975555183,
              "sd": 0.0222343197682138,
              "sem": 0.00023695133895102846,
              "df": 8804,
              "critical": 1.96,
              "moe": 0.0004644246243440158,
              "p75": 0.03341599999976097,
              "p99": 0.05295900000010079,
              "p995": 0.07970800000020972,
              "p999": 0.48783400000002075,
              "sampleCount": 8805,
              "median": 0.032167000000299595
            },
            {
              "id": "-1292238417_0_3",
              "name": "js transform (large bundle, auto runtime discovery)",
              "rank": 5,
              "rme": 34.43694075559048,
              "samples": [],
              "totalTime": 494.79558300000053,
              "min": 33.0486249999999,
              "max": 99.88070800000014,
              "hz": 20.210366348399656,
              "period": 49.47955830000005,
              "mean": 49.47955830000005,
              "variance": 567.4342602515267,
              "sd": 23.820878662457577,
              "sem": 7.532823243987122,
              "df": 9,
              "critical": 2.262,
              "moe": 17.039246177898868,
              "p75": 61.764708000000155,
              "p99": 99.88070800000014,
              "p995": 99.88070800000014,
              "p999": 99.88070800000014,
              "sampleCount": 10,
              "median": 36.448958000000175
            },
            {
              "id": "-1292238417_0_4",
              "name": "js transform (large bundle, reused runtime set)",
              "rank": 4,
              "rme": 4.859850646318243,
              "samples": [],
              "totalTime": 402.6217080000006,
              "min": 37.17200000000048,