{
  "files": [
    {
      "filepath": "/Users/yangqiming/Documents/GitHub/weapp-tailwindcss/packages/weapp-tailwindcss/test/core.bench.ts",
      "groups": [
        {
          "fullName": "test/core.bench.ts > weapp-tailwindcss runtime benchmarks",
          "benchmarks": [
            {
              "id": "-1292238417_0_0",
              "name": "wxss transform (v4 default bundle)",
              "rank": 4,
              "rme": 4.002285266310705,
              "samples": [],
              "totalTime": 313.0405419999994,
              "min": 23.173917000000074,
              "max": 28.525707999999895,
              "hz": 38.33369289272449,
              "period": 26.086711833333283,
              "mean": 26.086711833333283,
              "variance": 2.7001999366546383,
              "sd": 1.643228510175818,
              "sem": 0.4743592113450381,
              "df": 11,
              "critical": 2.201,
              "moe": 1.044064624170429,
              "p75": 27.09045900000001,
              "p99": 28.525707999999895,
              "p995": 28.525707999999895,
              "p999": 28.525707999999895,
              "sampleCount": 12,
              "median": 26.5195205
            },
            {
              "id": "-1292238417_0_1",
              "name": "wxss transform (mpx component bundle)",
              "rank": 2,
              "rme": 16.320167105227135,
              "samples": [],
              "totalTime": 306.654624,
              "min": 13.403082999999924,
              "max": 38.53625000000011,
              "hz": 58.69795721717211,
              "period": 17.036368,
              "mean": 17.036368,
              "variance": 31.254375262367738,
              "sd": 5.59056126541582,
              "sem": 1.3177079271381242,
              "df": 17,
              "critical": 2.11,
              "moe": 2.780363726261442,
              "p75": 17.26341699999989,
              "p99": 38.53625000000011,
              "p995": 38.53625000000011,
              "p999": 38.53625000000011,
              "sampleCount": 18,
              "median": 15.495750000000044
            },
            {
              "id": "-1292238417_0_2",
              "name": "wxml transform (tdesign button)",
              "rank": 1,
              "rme": 4.740818381511324,
              "samples": [],
              "totalTime": 300.0294849999882,
              "min": 0.04233299999987139,
              "max": 3.3639169999999012,
              "hz": 18311.533614771946,
              "period": 0.05461039042591704,
              "mean": 0.05461039042591704,
              "variance": 0.009585918037279135,
              "sd": 0.09790770162392301,
              "sem": 0.0013209078711872322,
              "df": 5493,
              "critical": 1.96,
              "moe": 0.002588979427526975,
              "p75": 0.05070800000021336,
              "p99": 0.11425000000008367,
              "p995": 0.15287500000022192,
              "p999": 2.362916999999925,
              "sampleCount": 5494,
              "median": 0.04916600000001381
            },
            {
              "id": "-1292238417_0_3",
              "name": "js transform (large bundle, auto runtime discovery)",
              "rank": 6,
              "rme": 17.66645614286803,
              "samples": [],
              "totalTime": 329.51258400000006,
              "min": 27.78087500000038,
              "max": 55.53924999999981,
              "hz": 30.347854636107,
              "period": 32.95125840000001,
              "mean": 32.95125840000001,
              "variance": 66.23044723364889,
              "sd": 8.138209092524527,
              "sem": 2.573527680706949,
              "df": 9,
              "critical": 2.262,
              "moe": 5.821319613759118,
              "p75": 32.987333000000035,
              "p99": 55.53924999999981,
              "p995": 55.53924999999981,
              "p999": 55.53924999999981,
              "sampleCount": 10,
              "median": 30.826687500000162
            },
            {
              "id": "-1292238417_0_4",
              "name": "js transform (large bundle, reused runtime set)",
              "rank": 3,
              "rme": 1.977549423692589,
              "samples": [],
              "totalTime": 321.4564999999998,
              "min": 22.156124999999975,
              "max": 24.413332999999966,
              "hz": 43.55177139053032,
              "period": 22.961178571428555,
              "mean": 22.961178571428555,
              "variance": 0.6186764407897578,
              "sd": 0.7865598774344886,
              "sem": 0.21021696968162573,
              "df": 13,
              "critical": 2.16,
              "moe": 0.4540686545123116,
              "p75": 23.541291999999885,
              "p99": 24.413332999999966,
              "p995": 24.413332999999966,
              "p999": 24.413332999999966,
              "sampleCount": 14,
              "median": 22.61589600000002
            },
            {
              "id": "-1292238417_0_5",
              "name": "end-to-end pipeline (cold context bootstrap)",
              "rank": 5,
              "rme": 8.487435576686924,
              "samples": [],
              "totalTime": 321.57866600000034,
              "min": 26.391625000000204,
              "max": 40.45404099999996,
              "hz": 31.096590219700673,
              "period": 32.157866600000034,
              "mean": 32.157866600000034,
              "variance": 14.559358470155978,
              "sd": 3.815672741490808,
              "sem": 1.2066216668929817,
              "df": 9,
              "critical": 2.262,
              "moe": 2.7293782105119244,
              "p75": 33.65833299999986,
              "p99": 40.45404099999996,
              "p995": 40.45404099999996,
              "p999": 40.45404099999996,
              "sampleCount": 10,
              "median": 32.48366650000003
            }
          ]
        }
      ]
    }
  ]
}
