{
  "mpx": {
    "ast-grep": [
      73.23620800000026,
      0.7510419999998703,
      0.5383750000000873,
      0.518500000000131,
      0.5499579999996058,
      0.5137500000000728,
      186.77745799999866,
      256.8139580000002,
      57.09404100000029,
      1.0789170000007289,
      0.49541599999975006,
      1.377249999999549,
      0.7285830000000715,
      0.9999579999985144,
      170.8989160000001,
      248.623959,
      222.40687500000013,
      258.0793749999998
    ]
  },
  "native-webpack": {
    "ast-grep": [
      31.204083999999966,
      30.502708999999868,
      34.179375000000164,
      31.038790999999947,
      31.770125000000007,
      31.641083999999864,
      129.1354999999994,
      25.894083000000137,
      40.86120899999969,
      66.6172919999999,
      27.428499999999985,
      32.83379100000002,
      40.19166600000017
    ]
  },
  "rax": {
    "ast-grep": [
      0.8033749999995052,
      0.7344999999995707,
      0.44741699999940465,
      0.6926249999996799,
      0.7278750000004948,
      0.6088749999998981,
      41.278291999999965,
      121.25475000000006,
      0.7867919999998776,
      0.5309170000000449,
      0.7351669999998194,
      0.6925419999997757,
      0.6156659999996918,
      0.3704590000006647,
      43.469874999999774,
      111.39008400000012,
      106.68291599999975,
      0.7651670000004742,
      0.524333000000297,
      0.5415419999999358,
      0.8549579999998969,
      0.6833750000005239,
      0.7958330000001297,
      43.10241599999972
    ]
  },
  "taro-react": {
    "ast-grep": [
      149.15862500000003,
      207.66066599999976,
      272.95520899999974,
      106.67041700000118,
      139.8110000000015,
      259.6733750000003,
      107.31091699999888,
      141.59620799999902,
      283.5509999999995,
      103.71191700000054,
      141.91112500000054,
      255.90162500000042,
      107.62887500000033,
      141.12895800000115,
      276.65045800000007
    ]
  },
  "taro-vue2": {
    "ast-grep": [
      148.35745899999984,
      122.86820800000078,
      114.90404200000012,
      118.83370800000012,
      122.41137499999968
    ]
  },
  "taro-vue3": {
    "ast-grep": [
      288.02449999999953,
      170.58345800000097,
      258.4096669999999,
      163.47600000000057,
      164.08737499999916
    ]
  },
  "uni-app-webpack-vue2": {
    "ast-grep": [
      150.86412500000006,
      145.9081669999996,
      140.54212499999994,
      160.30562499999996,
      142.06945900000028
    ]
  },
  "uni-app-vite-vue3": {
    "ast-grep": [
      389.04595800000016,
      249.02649999999994,
      248.42912499999966,
      246.79641599999968,
      247.70666700000038
    ]
  },
  "uni-app-webpack5-vue2": {
    "ast-grep": [
      64.14029200000004,
      63.19812499999989,
      61.18512499999997,
      66.43045799999982,
      62.06408400000009
    ]
  }
}
