{
  "mpx": {
    "ast-grep": [
      221.94379200000003,
      206.10062500000004,
      222.51820799999996,
      305.27095899999995,
      54.032750000000306,
      0.8644580000000133,
      0.6552920000003724,
      0.5702090000004318,
      0.6322500000005675,
      0.3006249999998545,
      200.92250000000058,
      2.3770840000070166,
      1.0354999999981374,
      0.6037500000093132,
      0.7314999999944121,
      0.7932500000024447,
      118.87908300000709,
      99.40245900000446,
      103.04237500000454,
      2.9688330000062706,
      372.08462500000314,
      156.45895799998834,
      107.34399999999732,
      182.11966699999175,
      105.87012500000128,
      119.70683399999689,
      154.5234999999957,
      96.65395799999533,
      117.68195900000865,
      192.3697919999977,
      58.94658299999992,
      0.7457919999997102,
      0.7388340000006792,
      0.4665420000001177,
      0.5248750000000655,
      0.4499580000001515,
      200.03529200000048,
      60.924041999999645,
      1.0457909999995536,
      0.616874999999709,
      0.4282499999999345,
      0.5064999999995052,
      0.5120409999999538,
      157.23654100000022
    ]
  },
  "native-webpack": {
    "ast-grep": [
      29.90512499999977
    ]
  },
  "rax": {
    "ast-grep": [
      107.21550000000025
    ]
  },
  "taro-react": {
    "ast-grep": [
      104.47149999999965,
      138.0332500000004,
      260.9230829999997
    ]
  },
  "taro-vue2": {
    "ast-grep": [
      121.17162499999995
    ]
  },
  "taro-vue3": {
    "ast-grep": [
      165.85950000000048
    ]
  },
  "uni-app-webpack-vue2": {
    "ast-grep": [
      144.33520800000042
    ]
  },
  "uni-app-vite-vue3": {
    "ast-grep": [
      251.79916700000012
    ]
  },
  "uni-app-webpack5-vue2": {
    "ast-grep": [
      60.50791699999991
    ]
  }
}
