{
  "mpx": {
    "babel": [
      74.62024999999994,
      0.44800000000032014,
      0.41241600000012113,
      0.2942089999996824,
      0.34504199999992125,
      0.22179200000027777,
      323.6662499999984
    ]
  },
  "native-webpack": {
    "babel": [
      73.57750000000033
    ]
  },
  "rax": {
    "babel": [
      0.4625420000002123,
      0.2820830000000569,
      0.4037079999998241,
      0.46570799999972223,
      0.38195899999936955,
      0.41224999999940337,
      115.43566700000065
    ]
  },
  "taro-react": {
    "babel": [
      266.3118749999994,
      186.02208299999984,
      569.5537919999988
    ]
  },
  "taro-vue2": {
    "babel": [
      238.755083
    ]
  },
  "taro-vue3": {
    "babel": [
      318.1259169999994
    ]
  },
  "uni-app-webpack-vue2": {
    "babel": [
      349.5393749999994
    ]
  },
  "uni-app-vite-vue3": {
    "babel": [
      378.8575420000002
    ]
  },
  "uni-app-webpack5-vue2": {
    "babel": [
      157.13691599999993
    ]
  }
}
