{
  "mpx": {
    "babel": [
      58.39887500000032,
      0.5039999999999054,
      0.5363330000000133,
      0.3152500000001055,
      0.5366249999997308,
      0.30274999999983265,
      163.16020800000024,
      241.02912500000002,
      57.82508400000006,
      0.4042909999998301,
      0.34933300000011513,
      0.33162499999980355,
      0.46391700000003766,
      0.23424999999997453,
      161.85629100000006,
      60.33670799999982,
      0.4103750000003856,
      0.4003339999999298,
      0.3042089999999007,
      0.3526670000001104,
      0.2806249999994179,
      227.50208300000122,
      82.26141700000153,
      59.5759579999999,
      0.42020900000079564,
      0.27854199999910634,
      0.19729200000074343,
      0.29741700000067794,
      0.1848340000005919,
      402.77387499999986
    ],
    "ast-grep": [
      62.482290999999805,
      0.39325000000008004,
      0.3040419999997539,
      0.23966699999982666,
      0.36166700000012497,
      0.32220799999959127,
      192.21854199999962
    ]
  },
  "native-webpack": {
    "babel": [
      51.077541999999994,
      50.103791999999885
    ]
  },
  "rax": {
    "babel": [
      0.5135000000000218,
      0.16933400000016263,
      0.5358329999999114,
      0.4044999999996435,
      0.17141699999956472,
      0.34650000000056025,
      112.16233399999965,
      0.4885000000003856,
      0.2847910000000411,
      0.5890410000001793,
      0.37683300000026065,
      0.40812499999992724,
      0.3913330000004862,
      103.76375000000007
    ]
  },
  "taro-react": {
    "babel": [
      274.5032909999991,
      192.10641599999872,
      564.5057909999996,
      303.47775,
      230.29933300000084,
      644.5392919999995
    ]
  },
  "taro-vue2": {
    "babel": [
      248.2311669999999,
      245.2891669999999
    ]
  },
  "taro-vue3": {
    "babel": [
      290.06183299999975,
      294.32258400000137
    ]
  },
  "uni-app-webpack-vue2": {
    "babel": [
      286.4959170000002,
      279.1075000000001
    ]
  },
  "uni-app-vite-vue3": {
    "babel": [
      424.898584,
      375.060375
    ]
  },
  "uni-app-webpack5-vue2": {
    "babel": [
      161.7794170000002,
      160.57499999999982
    ]
  }
}
