{
  "mpx": {
    "babel": [
      58.30687500000022,
      0.35483299999941664,
      0.3884170000001177,
      0.20604099999945902,
      0.30508300000019517,
      0.3372079999999187,
      448.10654199999954
    ]
  },
  "native-webpack": {
    "babel": [
      64.56587499999978
    ]
  },
  "rax": {
    "babel": [
      0.4484170000005179,
      0.27991600000041217,
      0.4799170000005688,
      0.40037500000016735,
      0.2639580000004571,
      0.6283750000002328,
      110.80145799999991
    ]
  },
  "taro-react": {
    "babel": [
      268.0168329999997,
      187.0988750000015,
      569.5632089999999
    ]
  },
  "taro-vue2": {
    "babel": [
      257.1078750000006
    ]
  },
  "taro-vue3": {
    "babel": [
      304.33287500000006
    ]
  },
  "uni-app-webpack-vue2": {
    "babel": [
      290.08600000000024
    ]
  },
  "uni-app-vite-vue3": {
    "babel": [
      376.30191700000023
    ]
  },
  "uni-app-webpack5-vue2": {
    "babel": [
      171.43891699999995
    ]
  }
}
