{
  "native-webpack": {
    "ast-grep": [
      65.3944590000001,
      40.69666599997436,
      12.996834000048693,
      17.342791000002762,
      11.598499999963678,
      14.755417000007583,
      11.984916000044905,
      12.794666999980109,
      10.15358300000662,
      18.838999999978114,
      12.168999999994412,
      13.443957999988925,
      16.92291700001806,
      14.843292000005022,
      11.234458000049926,
      12.662458000006154,
      10.280083999969065,
      16.72154200001387,
      10.287165999994613,
      14.539959000016097,
      10.151667000027373,
      12.345082999963779,
      10.114750000007916,
      12.87395799998194,
      19.326083000050858,
      24.896167000057176,
      47.041291999999885
    ],
    "babel": [
      43.59570799999983,
      42.343875000000025
    ]
  },
  "mpx": {
    "babel": [
      388.09779100000014,
      406.57983300000024
    ]
  },
  "rax": {
    "babel": [
      162.4340830000001,
      0.462833000000046,
      0.17549999999982901,
      0.7219169999998485,
      0.7063749999997526,
      0.3096669999995356,
      0.3804169999993974,
      108.565834
    ]
  },
  "taro-react": {
    "babel": [
      268.1022919999996,
      187.1371250000011,
      566.273000000001,
      267.0780419999992,
      196.67991600000096,
      595.9019159999989
    ]
  },
  "taro-vue2": {
    "babel": [
      340.2155419999999,
      243.70104100000026
    ]
  },
  "taro-vue3": {
    "babel": [
      356.49816699999974,
      289.93491600000016
    ]
  },
  "uni-app-webpack-vue2": {
    "babel": [
      287.4322919999995,
      303.6498329999995
    ]
  },
  "uni-app-vite-vue3": {
    "babel": [
      417.3710409999999,
      380.44216700000015
    ]
  },
  "uni-app-webpack5-vue2": {
    "babel": [
      165.16575000000012,
      158.4320419999999
    ]
  }
}
