{
  "mpx": {
    "babel": [
      52.36079099999915,
      0.4015000000008513,
      0.2991669999992155,
      0.1672499999995125,
      0.32608299999992596,
      0.2357080000001588,
      274.9601669999993
    ]
  },
  "native-webpack": {
    "babel": [
      49.90733399999999
    ]
  },
  "rax": {
    "babel": [
      0.5895829999999478,
      0.15266599999995378,
      0.3211250000003929,
      0.39620800000011513,
      0.3406670000003942,
      0.5201250000000073,
      91.88545799999974
    ]
  },
  "taro-react": {
    "babel": [
      288.25116699999944,
      170.59520799999882,
      494.0947499999984
    ]
  },
  "taro-vue2": {
    "babel": [
      200.66741699999966
    ]
  },
  "taro-vue3": {
    "babel": [
      245.0773339999996
    ]
  },
  "uni-app-webpack-vue2": {
    "babel": [
      217.90466600000036
    ]
  },
  "uni-app-vite-vue3": {
    "babel": [
      337.66770799999995
    ]
  },
  "uni-app-webpack5-vue2": {
    "babel": [
      184.59066699999994
    ]
  }
}
