{
  "mpx": {
    "ast-grep": [
      58.273583000000144,
      0.6373750000002474,
      0.7409999999999854,
      0.5042499999999563,
      0.5387090000003809,
      0.4558340000003227,
      153.5512920000001
    ]
  },
  "native-webpack": {
    "ast-grep": [
      31.96245799999997
    ]
  },
  "rax": {
    "ast-grep": [
      0.7905829999999696,
      0.3635420000000522,
      0.644666999999572,
      0.5861660000000484,
      0.5337499999995998,
      0.7502089999998134,
      51.05487500000072
    ]
  },
  "taro-react": {
    "ast-grep": [
      113.65424999999959,
      147.85920799999985,
      249.57745799999975
    ]
  },
  "taro-vue2": {
    "ast-grep": [
      122.41325000000052
    ]
  },
  "taro-vue3": {
    "ast-grep": [
      159.15145799999846
    ]
  },
  "uni-app-webpack-vue2": {
    "ast-grep": [
      137.289667
    ]
  },
  "uni-app-vite-vue3": {
    "ast-grep": [
      234.76533300000028
    ]
  },
  "uni-app-webpack5-vue2": {
    "ast-grep": [
      63.95204199999989
    ]
  }
}
