{
  "mpx": {
    "babel": [
      58.425874999999905,
      0.41470900000058464,
      0.322332999999162,
      0.3444579999995767,
      0.2952080000004571,
      0.28387500000008004,
      334.36025000000154
    ]
  },
  "native-webpack": {
    "babel": [
      74.58254199999965
    ]
  },
  "rax": {
    "babel": [
      0.48758400000042457,
      0.20799999999962893,
      0.45279200000004494,
      0.8740410000000338,
      0.488709000000199,
      0.3760000000002037,
      106.81579199999942
    ]
  },
  "taro-react": {
    "babel": [
      285.8908330000013,
      208.33166700000038,
      575.3123329999999
    ]
  },
  "taro-vue2": {
    "babel": [
      242.39099999999962
    ]
  },
  "taro-vue3": {
    "babel": [
      289.45608399999946
    ]
  },
  "uni-app-webpack-vue2": {
    "babel": [
      287.0614169999999
    ]
  },
  "uni-app-vite-vue3": {
    "babel": [
      365.09837500000003
    ]
  },
  "uni-app-webpack5-vue2": {
    "babel": [
      154.38616599999978
    ]
  }
}
