{
  "mpx": {
    "ast-grep": [
      56.10679100000016,
      0.6454580000008718,
      0.542833000000428,
      0.5832089999994423,
      0.5580829999998969,
      0.40658299999995506,
      184.08987500000057,
      51.09137499999997,
      0.7503329999999551,
      0.6441670000003796,
      0.4379579999995258,
      0.5953749999998763,
      0.42670799999996234,
      186.72491700000137
    ]
  },
  "native-webpack": {
    "ast-grep": [
      31.050457999999708,
      28.927916000000096
    ]
  },
  "rax": {
    "ast-grep": [
      0.8427910000000338,
      0.6066660000005868,
      0.6575829999992493,
      0.8367499999994834,
      1.8222500000001673,
      0.8210830000007263,
      49.10450000000037,
      0.748833000000559,
      0.45979200000056153,
      0.4342499999993379,
      0.6587500000005093,
      0.3057920000001104,
      0.7278340000002572,
      46.521875000000364
    ]
  },
  "taro-react": {
    "ast-grep": [
      103.83720799999901,
      136.71750000000065,
      248.54525000000103,
      114.03325000000041,
      158.36883300000045,
      246.30025000000023
    ]
  },
  "taro-vue2": {
    "ast-grep": [
      104.15954200000033,
      103.24866700000075
    ]
  },
  "taro-vue3": {
    "ast-grep": [
      143.17874999999913,
      144.3893339999995
    ]
  },
  "uni-app-webpack-vue2": {
    "ast-grep": [
      132.38654099999985,
      139.02395799999977
    ]
  },
  "uni-app-vite-vue3": {
    "ast-grep": [
      227.2058750000001,
      228.18325000000004
    ]
  },
  "uni-app-webpack5-vue2": {
    "ast-grep": [
      61.30183399999987,
      61.208916000000045
    ]
  }
}
