{
  "mpx": {
    "ast-grep": [
      50.27995800000008,
      0.8048750000007203,
      0.5899169999993319,
      0.44945800000004965,
      0.5501249999997526,
      0.44416699999965203,
      157.46904200000063
    ]
  },
  "native-webpack": {
    "ast-grep": [
      28.095875000000433
    ]
  },
  "rax": {
    "ast-grep": [
      0.8560830000005808,
      0.48016699999971024,
      0.5336250000000291,
      0.8519999999998618,
      0.5199169999996229,
      0.8175000000001091,
      48.017667000000074
    ]
  },
  "taro-react": {
    "ast-grep": [
      82.03104100000019,
      115.04000000000087,
      262.56316700000025
    ]
  },
  "taro-vue2": {
    "ast-grep": [
      118.07533300000068
    ]
  },
  "taro-vue3": {
    "ast-grep": [
      150.88850000000093
    ]
  },
  "uni-app-webpack-vue2": {
    "ast-grep": [
      137.67370800000026
    ]
  },
  "uni-app-vite-vue3": {
    "ast-grep": [
      234.6318339999998
    ]
  },
  "uni-app-webpack5-vue2": {
    "ast-grep": [
      64.24554100000023
    ]
  }
}
