{
  "mpx": {
    "babel": [
      64.94270800000004,
      0.4429580000005444,
      0.3202499999997599,
      0.245375000000422,
      0.33070800000041345,
      0.30858399999942776,
      339.7863749999997
    ]
  },
  "native-webpack": {
    "babel": [
      64.76841699999977
    ]
  },
  "rax": {
    "babel": [
      0.4313750000001164,
      0.24662499999976717,
      0.3650840000000244,
      0.5181250000005093,
      0.306999999999789,
      0.37862499999937427,
      113.86108400000012
    ]
  },
  "taro-react": {
    "babel": [
      268.49170799999956,
      192.60575000000063,
      634.3002080000006
    ]
  },
  "taro-vue2": {
    "babel": [
      263.7475409999997
    ]
  },
  "taro-vue3": {
    "babel": [
      281.04295900000034
    ]
  },
  "uni-app-webpack-vue2": {
    "babel": [
      312.15491699999984
    ]
  },
  "uni-app-vite-vue3": {
    "babel": [
      366.10616700000037
    ]
  },
  "uni-app-webpack5-vue2": {
    "babel": [
      152.5124579999997
    ]
  }
}
