{
  "native-webpack": {
    "babel": [
      256.08429199999955,
      454.72762499999953,
      201.52174999999988
    ]
  },
  "mpx": {
    "babel": [
      143.9389999999985,
      234.47299999999814,
      39.48941600000035,
      70.16595799999777,
      295.8419170000052,
      63.499541999997746,
      4861.104916000004,
      112.70795900000007,
      93.78291700000045,
      31.22791700000016,
      16.745042000000467,
      22.29004200000054,
      52.07037500000115,
      37.70733300000029,
      423.09170900000026
    ]
  },
  "uni-app-webpack-vue2": {
    "babel": [
      1834.483874999998
    ]
  },
  "taro-react": {
    "babel": [
      4268.139624999996,
      4302.068457999994,
      5261.896667000001,
      156.6929170000003,
      118.18487499999992,
      158.80562499999996
    ]
  },
  "rax": {
    "babel": [
      456.9909169999992,
      493.1847080000007,
      349.6304999999993,
      130.26416699999754,
      67.52441700000054,
      113.09358399999837,
      373.7474169999987,
      15.149541999999201,
      32.75883299999987,
      57.20941700000003,
      86.7159589999992,
      80.80858400000034,
      95.88362499999857,
      184.46049999999923
    ]
  },
  "taro-vue3": {
    "babel": [
      905.6489580000052,
      211.00687499999913
    ]
  },
  "uni-app-webpack5-vue2": {
    "babel": [
      509.88066700000127
    ]
  }
}
