{
  "mpx": {
    "babel": [
      55.349125000000186,
      0.28816599999936443,
      0.21000000000003638,
      0.155957999999373,
      0.19658400000025722,
      0.1943330000003698,
      267.30962499999987
    ]
  },
  "native-webpack": {
    "babel": [
      49.48524999999995
    ]
  },
  "rax": {
    "babel": [
      0.3917919999998958,
      0.19804199999998673,
      0.3510839999999007,
      0.27775000000019645,
      0.26825000000008004,
      0.39979200000016135,
      76.94045800000004
    ]
  },
  "taro-react": {
    "babel": [
      248.43079099999977,
      147.0799590000006,
      395.8758749999997
    ]
  },
  "taro-vue2": {
    "babel": [
      188.9178750000001
    ]
  },
  "taro-vue3": {
    "babel": [
      221.8167080000003
    ]
  },
  "uni-app-webpack-vue2": {
    "babel": [
      228.8103340000007
    ]
  },
  "uni-app-vite-vue3": {
    "babel": [
      317.9923749999998
    ]
  },
  "uni-app-webpack5-vue2": {
    "babel": [
      114.35958299999993
    ]
  }
}
