{
  "uni-app-webpack5-vue2": {
    "babel": [
      1184.9989170000008,
      714.0477080000019
    ]
  },
  "taro-react": {
    "babel": [
      1576.8031249999985,
      1824.5563330000004,
      862.9664589999957,
      873.0780419999974,
      973.9484169999996,
      1195.1344170000011
    ]
  },
  "mpx": {
    "babel": [
      192.3507080000054,
      122.93691699999908,
      121.22029099999781,
      122.48754100000224,
      87.63812500000495,
      115.57883299999958,
      1679.7959160000028,
      1560.3598749999983,
      447.3162909999992,
      49.35416699999951,
      39.61629200000061,
      41.10716700000012,
      31.42516699999942,
      45.02729200000067
    ]
  },
  "rax": {
    "babel": [
      70.96387500000128,
      496.5648340000007,
      500.332042,
      511.5971670000017,
      513.0509590000001,
      514.4402920000011,
      441.6879590000026,
      296.9947080000002
    ]
  },
  "native-webpack": {
    "babel": [
      402.4803750000001,
      335.67204200000015
    ]
  },
  "uni-app-webpack-vue2": {
    "babel": [
      836.8893329999992,
      446.46900000000096
    ]
  },
  "taro-vue3": {
    "babel": [
      439.4400000000023
    ]
  }
}
