{
  "mpx": {
    "babel": [
      23.47137500000008,
      7.039208999999573,
      2.844500000000153,
      3.9989159999995536,
      4.278249999999389,
      7.725165999999263,
      395.37416700000085
    ]
  },
  "native-webpack": {
    "babel": [
      122.93550000000005
    ]
  },
  "rax": {
    "babel": [
      4.550541000000067,
      6.965458000000126,
      0.20249999999987267,
      2.6820419999999103,
      22.989332999999988,
      0.3244159999999283,
      141.9979999999996
    ]
  },
  "taro-react": {
    "babel": [
      327.63724999999977,
      473.5747080000001,
      401.42525000000023
    ]
  },
  "taro-vue2": {
    "babel": [
      241.3747910000002
    ]
  },
  "taro-vue3": {
    "babel": [
      296.29520800000046
    ]
  },
  "uni-app-webpack-vue2": {
    "babel": [
      346.5731660000001
    ]
  },
  "uni-app-vite-vue3": {
    "babel": [
      426.00620800000024
    ]
  },
  "uni-app-webpack5-vue2": {
    "babel": [
      183.48874999999998
    ]
  }
}
