{
  "uni-app-webpack-vue2": {
    "babel": [
      140.67512499999975,
      205.01308299999982,
      126.5380839999998,
      124.55691699999943,
      143.40583400000014,
      170.19891700000016,
      181.50754200000029,
      186.4630000000002,
      201.508417,
      443.0749999999998
    ]
  },
  "native-webpack": {
    "babel": [
      113.78875000000016,
      79.98591699999997
    ]
  },
  "uni-app-webpack5-vue2": {
    "babel": [
      157.07037499999979,
      93.18570900000009,
      230.41512499999953,
      172.93341699999928,
      90.91225000000031,
      89.38187499999958,
      87.6566670000002,
      94.83779099999992,
      164.41833299999962
    ]
  },
  "rax": {
    "babel": [
      6.127458000000843,
      23.568042000000787,
      7.928667000000132,
      5.61095800000021,
      6.643665999999939,
      11.875040999999328,
      127.25545799999963,
      27.336791000000176,
      34.47862500000019,
      43.33358399999997,
      5.24279099999967,
      4.691874999999527,
      10.277166999999281,
      95.10512500000004
    ]
  },
  "mpx": {
    "babel": [
      229.46487499999967,
      9.718374999999469,
      31.191249999999854,
      10.187874999999622,
      17.655125000001135,
      287.32287499999984,
      22.95074999999997,
      325.91062500000044
    ]
  },
  "taro-vue3": {
    "babel": [
      264.41791700000067,
      152.81370900000002
    ]
  }
}
