{
  "uni-app-webpack5-vue2": {
    "babel": [
      1184.9989170000008,
      714.0477080000019,
      254.89437499999985
    ]
  },
  "taro-react": {
    "babel": [
      1576.8031249999985,
      1824.5563330000004,
      862.9664589999957,
      873.0780419999974,
      973.9484169999996,
      1195.1344170000011,
      298.02579200000037,
      296.6972500000011,
      288.2562079999989
    ]
  },
  "mpx": {
    "babel": [
      192.3507080000054,
      122.93691699999908,
      121.22029099999781,
      122.48754100000224,
      87.63812500000495,
      115.57883299999958,
      1679.7959160000028,
      1560.3598749999983,
      447.3162909999992,
      49.35416699999951,
      39.61629200000061,
      41.10716700000012,
      31.42516699999942,
      45.02729200000067,
      482.6204170000001,
      9.858458000000155,
      7.920667000000321,
      7.777165999999852,
      15.640040999999655,
      7.728541000000405,
      10.738000000000284,
      274.8589580000007
    ]
  },
  "rax": {
    "babel": [
      70.96387500000128,
      496.5648340000007,
      500.332042,
      511.5971670000017,
      513.0509590000001,
      514.4402920000011,
      441.6879590000026,
      296.9947080000002,
      85.51437500000065,
      6.721707999999126,
      88.72779199999968,
      157.4149579999994,
      78.4788750000007,
      83.33300000000054,
      244.50420900000063
    ]
  },
  "native-webpack": {
    "babel": [
      402.4803750000001,
      335.67204200000015,
      103.39537500000006
    ]
  },
  "uni-app-webpack-vue2": {
    "babel": [
      836.8893329999992,
      446.46900000000096,
      282.7318750000004
    ]
  },
  "taro-vue3": {
    "babel": [
      439.4400000000023,
      271.34937499999796,
      299.8039580000004
    ]
  }
}
