{
  "uni-app-webpack-vue2": {
    "babel": [
      279.05220800000006,
      1204.3177080000023
    ]
  },
  "rax": {
    "babel": [
      43.26670800000102,
      56.27020799999991,
      50.776583000000755,
      20.865374999999403,
      11.805124999998952,
      89.58862500000032,
      297.7642080000005
    ]
  },
  "uni-app-webpack5-vue2": {
    "babel": [
      471.1814169999998
    ]
  },
  "mpx": {
    "babel": [
      478.64458399999967,
      23.821249999997235,
      193.04095800000505,
      325.3952500000014,
      148.299291000003,
      26.64470799999981,
      552.6072500000009
    ]
  },
  "native-webpack": {
    "babel": [
      297.7599170000003
    ]
  },
  "taro-vue3": {
    "babel": [
      372.9925839999996
    ]
  },
  "taro-react": {
    "babel": [
      238.2564999999995,
      219.2747079999972,
      273.29708299999766
    ]
  }
}
