{
  "uni-app-vite-vue3": {
    "babel": [
      483.70795799999996,
      167.78562500000407,
      475.38958300000013,
      44.98816699999952,
      56.199250000001484,
      344.3043749999997,
      43.402625000002445,
      39.27391699999862,
      475.74370799999997,
      509.7915830000002
    ]
  },
  "mpx": {
    "babel": [
      59.905083000000104,
      5.442291000000296,
      2.885207999999693,
      3.4732080000003407,
      5.1180420000000595,
      3.530666999999994,
      408.7687500000002,
      492.5865839999999
    ]
  },
  "native-webpack": {
    "babel": [
      125.99199999999996,
      126.77120800000012
    ]
  },
  "rax": {
    "babel": [
      2.3777090000003227,
      5.063542000000325,
      13.476708000000144,
      14.403542000000016,
      24.28887500000019,
      0.359958000000006,
      151.97254099999964,
      2.992290999999568,
      5.793749999999818,
      0.5811250000001564,
      25.136041000000205,
      26.332124999999905,
      0.5521659999999429,
      147.64587500000016
    ]
  },
  "taro-react": {
    "babel": [
      276.93745800000033,
      438.16925000000083,
      439.0800419999996,
      288.4892090000003,
      455.6459590000004,
      448.68924999999945
    ]
  },
  "taro-vue2": {
    "babel": [
      247.55758400000013,
      255.09079199999996
    ]
  },
  "taro-vue3": {
    "babel": [
      292.0564999999997,
      315.68404199999986
    ]
  },
  "uni-app-webpack-vue2": {
    "babel": [
      353.424583,
      348.7283750000006
    ]
  },
  "uni-app-webpack5-vue2": {
    "babel": [
      194.404,
      188.39362500000016
    ]
  }
}
