{
  "mpx": {
    "babel": [
      56.98945800000001,
      0.41170899999997346,
      0.25766699999985576,
      0.22158299999955489,
      0.31120800000007875,
      0.28554199999962293,
      410.517417
    ]
  },
  "native-webpack": {
    "babel": [
      95.69812499999989
    ]
  },
  "rax": {
    "babel": [
      0.6318340000002536,
      0.1645410000000993,
      0.32941699999992125,
      0.269249999999829,
      0.3045830000000933,
      0.43441699999993943,
      99.84687499999973
    ]
  },
  "taro-react": {
    "babel": [
      232.94904199999837,
      157.80612499999916,
      260.8512499999997
    ]
  },
  "taro-vue3": {
    "babel": [
      254.04933299999902
    ]
  },
  "uni-app-webpack-vue2": {
    "babel": [
      267.1491249999999
    ]
  },
  "uni-app-vite-vue3": {
    "babel": [
      407.7877080000003
    ]
  },
  "uni-app-webpack5-vue2": {
    "babel": [
      148.52691600000026
    ]
  }
}
