{
  "mpx": {
    "babel": [
      1.0292920000001686,
      0.6094579999999041,
      0.44158299999980954,
      0.3765419999999722,
      0.4775420000005397,
      0.451375000000553,
      449.47749999999996
    ]
  },
  "native-webpack": {
    "babel": [
      123.31754099999989
    ]
  },
  "rax": {
    "babel": [
      0.5008750000001783,
      0.2784580000002279,
      0.3183339999995951,
      0.3002080000001115,
      0.2049579999998059,
      0.6421669999999722,
      138.21241699999973
    ]
  },
  "taro-react": {
    "babel": [
      379.4989999999998,
      202.07999999999993,
      292.16316599999845
    ]
  },
  "taro-vue3": {
    "babel": [
      313.4774589999997
    ]
  },
  "uni-app-webpack-vue2": {
    "babel": [
      302.398459
    ]
  },
  "uni-app-vite-vue3": {
    "babel": [
      421.917375
    ]
  },
  "uni-app-webpack5-vue2": {
    "babel": [
      161.64808399999993
    ]
  }
}
