{
  "rax": {
    "babel": [
      597.0478750000002,
      626.3995840000007,
      692.5020839999997,
      721.9726250000003,
      959.9068749999988
    ]
  },
  "taro-react": {
    "babel": [
      3091.7968329999967,
      3283.842999999997,
      6736.164166000002
    ]
  },
  "native-webpack": {
    "babel": [
      1496.4423749999987
    ]
  },
  "mpx": {
    "babel": [
      258.7482089999976,
      140.89887499999895,
      193.5549170000013,
      195.59304200000042,
      52.71087499999703,
      87.08658299999661,
      2327.396584000002
    ]
  },
  "taro-vue3": {
    "babel": [
      1156.070166000005
    ]
  }
}
