{
  "rax": {
    "babel": [
      41.671875,
      168.6524589999999,
      170.0346669999999,
      171.8705,
      172.99537500000042,
      184.74766700000055,
      225.39508400000068
    ]
  },
  "uni-app-webpack5-vue2": {
    "babel": [
      344.8307910000003
    ]
  },
  "native-webpack": {
    "babel": [
      275.324208
    ]
  },
  "uni-app-webpack-vue2": {
    "babel": [
      397.81424999999945
    ]
  },
  "taro-vue3": {
    "babel": [
      299.75033299999996
    ]
  },
  "mpx": {
    "babel": [
      38.48254200000065,
      26.01708299999973,
      10.682208000000173,
      17.75487500000054,
      10.259665999999925,
      12.251166999998532,
      265.4556250000005
    ]
  },
  "taro-react": {
    "babel": [
      195.2157500000012,
      140.00024999999914,
      342.24704199999906
    ]
  }
}
