{
  "mpx": {
    "babel": [
      427.933458
    ]
  },
  "native-webpack": {
    "babel": [
      125.07462499999974
    ]
  },
  "rax": {
    "babel": [
      3.1391660000003867,
      6.376208000000133,
      0.6091670000000704,
      38.827792000000045,
      20.7517499999999,
      0.43624999999974534,
      148.46962500000018
    ]
  },
  "taro-react": {
    "babel": [
      284.67449999999917,
      452.496083,
      431.55945900000006
    ]
  },
  "taro-vue2": {
    "babel": [
      285.5755419999996
    ]
  },
  "taro-vue3": {
    "babel": [
      317.8863330000004
    ]
  },
  "uni-app-webpack-vue2": {
    "babel": [
      320.918584
    ]
  },
  "uni-app-vite-vue3": {
    "babel": [
      428.75520800000004
    ]
  },
  "uni-app-webpack5-vue2": {
    "babel": [
      186.8478329999998
    ]
  }
}
