{
  "uni-app-webpack5-vue2": {
    "babel": [
      1184.9989170000008
    ]
  },
  "taro-react": {
    "babel": [
      1576.8031249999985,
      1824.5563330000004,
      862.9664589999957
    ]
  },
  "mpx": {
    "babel": [
      192.3507080000054,
      122.93691699999908,
      121.22029099999781,
      122.48754100000224,
      87.63812500000495,
      115.57883299999958,
      1679.7959160000028
    ]
  },
  "rax": {
    "babel": [
      70.96387500000128,
      496.5648340000007,
      500.332042,
      511.5971670000017,
      513.0509590000001,
      514.4402920000011,
      441.6879590000026
    ]
  },
  "native-webpack": {
    "babel": [
      402.4803750000001
    ]
  },
  "uni-app-webpack-vue2": {
    "babel": [
      836.8893329999992
    ]
  },
  "taro-vue3": {
    "babel": [
      439.4400000000023
    ]
  }
}
