{
  "uni-app-vite-vue3": {
    "babel": [
      308.9171660000002,
      310.5349580000002,
      309.16150000000016,
      297.3656659999997
    ]
  },
  "mpx": {
    "babel": [
      62.984292000000096,
      0.2929170000002159,
      0.2651250000003529,
      0.20375000000012733,
      0.2592500000000655,
      0.2159590000001117,
      217.39908300000025,
      216.33395900000005,
      287.0800419999998
    ]
  },
  "native-webpack": {
    "babel": [
      52.32729199999994,
      44.799958999999944,
      47.343000000000075
    ]
  },
  "rax": {
    "babel": [
      0.3693750000002183,
      0.10429199999998673,
      0.3307079999999587,
      0.24949999999989814,
      0.9072089999999662,
      2.2746659999997974,
      96.91387500000019,
      123.92112500000007,
      0.3373340000002827,
      0.13841699999966295,
      0.3292500000002292,
      0.21849999999994907,
      0.27104099999996834,
      0.4362919999998667,
      77.98641700000007
    ]
  },
  "taro-react": {
    "babel": [
      186.6924170000002,
      150.7051249999995,
      406.85641699999906,
      182.37041599999975,
      134.65841700000055,
      369.735584,
      258.1676669999997,
      150.18104200000016,
      384.87933299999895
    ]
  },
  "taro-vue2": {
    "babel": [
      173.75945899999988,
      154.8856249999999,
      172.57404199999928
    ]
  },
  "taro-vue3": {
    "babel": [
      162.64349999999922,
      192.17200000000003,
      179.13650000000052
    ]
  },
  "uni-app-webpack-vue2": {
    "babel": [
      270.48362499999985,
      222.05837500000007,
      208.91825000000017
    ]
  },
  "uni-app-webpack5-vue2": {
    "babel": [
      109.37016700000004,
      111.8077500000004,
      115.84945900000002
    ]
  }
}
