{
  "mpx": {
    "babel": [
      0.8293340000000171,
      0.3994169999996302,
      0.3476250000003347,
      0.17420799999945302,
      0.33387500000026193,
      0.3210419999995793,
      510.481667,
      0.836250000000291,
      0.4342499999993379,
      0.4651670000002923,
      0.25437500000043656,
      0.3647500000006403,
      0.4555420000006052,
      518.104292,
      0.7435829999994894,
      0.3555420000002414,
      0.2803750000002765,
      0.9147909999992407,
      0.3269170000003214,
      0.1727920000002996,
      386.863292
    ]
  },
  "native-webpack": {
    "babel": [
      177.5736670000001,
      183.4060830000003,
      130.60520799999995
    ]
  },
  "rax": {
    "babel": [
      0.572041999999783,
      0.2099159999997937,
      0.4018340000002354,
      0.5495829999999842,
      0.29916700000012497,
      0.5325410000004922,
      213.5071250000001,
      0.6372080000001006,
      0.33387500000026193,
      6.4470830000000205,
      0.8228330000001733,
      0.3867500000005748,
      0.3804579999996349,
      210.5809589999999,
      0.3999159999998483,
      0.19333300000016607,
      0.3204169999999067,
      0.26858299999958035,
      0.17800000000033833,
      0.4200829999999769,
      148.07508400000006
    ]
  },
  "taro-react": {
    "babel": [
      359.27529200000026,
      204.8595830000013,
      611.1543750000001,
      365.994666999999,
      193.5033340000009,
      586.1154580000002,
      314.4305839999997,
      151.86175000000003,
      446.43083399999887
    ]
  },
  "taro-vue2": {
    "babel": [
      361.0717079999995,
      366.2317090000006,
      266.002125
    ]
  },
  "taro-vue3": {
    "babel": [
      455.76437500000065,
      399.37354100000084,
      300.9883749999999
    ]
  },
  "uni-app-webpack-vue2": {
    "babel": [
      431.50754099999995,
      480.09079199999996,
      354.1686669999999
    ]
  },
  "uni-app-vite-vue3": {
    "babel": [
      640.5277499999997,
      628.6604160000002,
      429.3330000000001,
      463.629375
    ],
    "ast-grep": [
      43.001875000001746,
      44.82133400000748,
      42.53375000000233,
      117.45083300000988,
      45.14520800000173,
      206.39541699999245,
      158.36204099998577,
      50.43429100001231,
      139.16566699999385,
      120.64966699999059,
      117.2692499999539
    ]
  },
  "uni-app-webpack5-vue2": {
    "babel": [
      291.05470799999966,
      266.943084,
      194.53820799999994
    ]
  }
}
