{
  "mpx": {
    "babel": [
      51.84654199999977,
      0.2810420000000704,
      0.24474999999983993,
      0.2719170000000304,
      0.2358749999993961,
      0.26529200000004494,
      226.5332500000004,
      299.4494579999998,
      52.088624999999865,
      0.30145899999934045,
      0.24170800000047166,
      0.16779200000019046,
      0.22225000000071304,
      0.2821249999997235,
      225.0315840000003
    ]
  },
  "native-webpack": {
    "babel": [
      47.077,
      46.39608300000009,
      48.761792000000014
    ]
  },
  "rax": {
    "babel": [
      0.34324999999989814,
      0.09891700000025594,
      0.2615409999998519,
      0.26370900000028996,
      0.1360829999998714,
      0.3392499999999927,
      73.29016700000011,
      122.63954200000012,
      0.4000829999999951,
      0.12741700000015044,
      0.42154200000004494,
      0.23137499999984357,
      0.25587499999983265,
      0.39945799999986775,
      74.63120899999967
    ]
  },
  "taro-react": {
    "babel": [
      264.7210409999998,
      151.42391700000007,
      384.9939999999997,
      240.23995899999954,
      139.36562500000036,
      358.8942499999994,
      190.9979999999996,
      141.93074999999953,
      447.32437500000106
    ]
  },
  "taro-vue2": {
    "babel": [
      180.58545800000047,
      207.8494999999998,
      179.41908300000068
    ]
  },
  "taro-vue3": {
    "babel": [
      176.39979200000016,
      218.2922910000002,
      217.60541699999976
    ]
  },
  "uni-app-webpack-vue2": {
    "babel": [
      227.7779169999999,
      198.9627499999997,
      210.013375
    ]
  },
  "uni-app-vite-vue3": {
    "babel": [
      299.3712919999998,
      307.39599999999996,
      311.22199999999975
    ],
    "ast-grep": [
      223.685833
    ]
  },
  "uni-app-webpack5-vue2": {
    "babel": [
      111.73979099999997,
      106.07937500000025,
      111.78749999999991
    ]
  }
}
