{
  "rax": {
    "babel": [
      282.634458,
      296.0159160000003,
      333.3603750000002,
      345.4709579999999,
      240.19316700000036,
      165.37370799999985
    ]
  },
  "native-webpack": {
    "babel": [
      118.9399999999996,
      92.74983399999928,
      68.07720799999993
    ]
  },
  "uni-app-webpack5-vue2": {
    "babel": [
      202.59470799999963,
      261.0498749999997
    ]
  },
  "mpx": {
    "babel": [
      66.80225000000064,
      47.68108299999949,
      57.230458,
      58.63608299999942,
      32.93145800000093,
      29.377040999999736,
      440.5864590000001,
      445.011708,
      147.18387500000017,
      104.54770799999994,
      10.806125000000065,
      5.993417000000136,
      4.699333999999908,
      10.110749999999825,
      6.076500000000124,
      8.219792000000325,
      234.7792499999996,
      12.135124999999789,
      10.976042000000234,
      7.264917000000423,
      14.495417000000089,
      6.938916000000063,
      42.63008300000001,
      483.3688750000001
    ]
  },
  "uni-app-webpack-vue2": {
    "babel": [
      434.22662500000024,
      263.950417
    ]
  },
  "taro-vue3": {
    "babel": [
      298.26241700000173,
      392.854207999997
    ]
  },
  "taro-react": {
    "babel": [
      151.64508300000034,
      114.5309159999997,
      156.7891669999999,
      284.5609169999989,
      295.92012500000055,
      531.6960419999996
    ]
  }
}
