{
  "mpx": {
    "babel": [
      1.180540999999721,
      0.4909589999997479,
      0.29962500000056025,
      0.15958299999965675,
      0.37916600000062317,
      0.2984580000002097,
      416.4669590000003,
      443.31766700000003,
      450.65062499999976,
      28.883916000000227,
      0.3326659999997901,
      0.25320800000008603,
      0.10191599999961909,
      0.2727909999998701,
      0.20066700000006676,
      509.5396249999999,
      402.92399999999986
    ]
  },
  "native-webpack": {
    "babel": [
      116.75716599999987,
      115.14837499999999,
      123.60208299999977,
      115.29466700000012
    ]
  },
  "rax": {
    "babel": [
      0.467167000000245,
      0.10837499999979627,
      0.2185420000000704,
      0.20104199999968841,
      0.23704199999974662,
      0.4560420000002523,
      130.81608300000016,
      0.4537919999997939,
      0.12170900000000984,
      0.3358339999999771,
      0.18162500000016735,
      0.22925000000032014,
      0.5948750000002292,
      129.67929099999992,
      0.5014169999999467,
      0.11654200000020865,
      0.34295799999972587,
      0.1856670000001941,
      0.2972500000000764,
      0.5206250000001091,
      134.93716700000004,
      0.4574580000003152,
      0.10575000000017099,
      0.29920799999990777,
      0.2527500000001055,
      0.25500000000010914,
      0.5438749999998436,
      130.77525000000014
    ]
  },
  "taro-react": {
    "babel": [
      251.53604199999972,
      151.29541700000027,
      267.097667,
      269.25025000000005,
      171.60783399999946,
      288.30125000000044,
      331.023416,
      166.83687499999996,
      257.3330839999999,
      317.15308299999924,
      156.42141700000047,
      233.61341700000048
    ]
  },
  "taro-vue3": {
    "babel": [
      360.92545899999914,
      293.7329580000005,
      365.97129100000075,
      365.9185000000007
    ]
  },
  "uni-app-webpack-vue2": {
    "babel": [
      306.04083400000036,
      293.3343340000001,
      290.9874169999998,
      291.59308400000054
    ]
  },
  "uni-app-vite-vue3": {
    "babel": [
      405.6876669999997,
      468.98020899999983,
      411.80670899999996,
      487.9394169999996,
      405.57904199999984
    ]
  },
  "uni-app-webpack5-vue2": {
    "babel": [
      185.31245799999988,
      167.222084,
      165.0187920000003,
      163.24224999999979
    ]
  }
}
