{
  "rax": {
    "babel": [
      18.962416999999732,
      57.07979200000045,
      44.7200840000005,
      406.92675000000054,
      16.185833000000457,
      8.61579200000051,
      189.2377919999999,
      69.2905410000003,
      79.2949580000004,
      11.715750000000298,
      9.746500000000196,
      29.974500000000262,
      36.56391600000006,
      236.1391249999997,
      14.329416000000037,
      34.80420800000002,
      20.494374999999764,
      79.36774999999989,
      18.28858300000047,
      53.131124999999884,
      305.2891669999999,
      247.50825000000077
    ]
  },
  "native-webpack": {
    "babel": [
      133.39083400000027,
      98.91995799999995,
      404.0762920000002,
      179.08704199999966,
      186.34629199999972,
      131.1649580000003
    ]
  },
  "mpx": {
    "babel": [
      33.039999999999054,
      17.612417000000278,
      58.597499999999854,
      70.29200000000128,
      27.13141700000051,
      36.838292000000365,
      581.9611249999998,
      1053.1366249999992,
      9.071541000000252,
      15.746417000000292,
      10.70050000000083,
      16.29937500000051,
      11.378500000000713,
      7.132874999999331,
      374.827041999999,
      1144.1655839999999
    ]
  },
  "taro-react": {
    "babel": [
      511.2726249999996,
      601.098582999999,
      774.862833000001,
      744.3992920000001,
      531.3297500000008,
      312.18341600000167,
      352.3491249999988,
      406.4997079999994,
      518.1359159999993,
      537.6233329999995,
      387.1939590000002,
      509.6559580000012
    ]
  },
  "uni-app-webpack5-vue2": {
    "babel": [
      333.77758300000005,
      331.76066699999956,
      165.09879200000069,
      341.74445899999955
    ]
  },
  "taro-vue3": {
    "babel": [
      515.8387920000005,
      281.5861249999998,
      299.4166669999995,
      344.7744169999987
    ]
  },
  "uni-app-webpack-vue2": {
    "babel": [
      368.7586659999997,
      655.8204160000005,
      712.4009580000002,
      720.9782500000001
    ]
  }
}
