{
  "uni-app-webpack-vue2": {
    "babel": [
      389.4012080000002,
      570.240667
    ]
  },
  "uni-app-webpack5-vue2": {
    "babel": [
      338.61266700000033,
      433.3519580000002
    ]
  },
  "mpx": {
    "babel": [
      27.193707999999788,
      16.641250000000582,
      36.420749999999316,
      52.502667000000656,
      24.504750000000058,
      16.680249999999432,
      656.5142919999998,
      34.00916700000016,
      54.35570800000096,
      35.265541999999186,
      36.3653749999994,
      19.59245799999917,
      17.191082999999708,
      253.25662499999999
    ]
  },
  "rax": {
    "babel": [
      202.70449999999983,
      208.77583400000003,
      2.204917000000023,
      73.92808400000013,
      53.74516700000004,
      55.66504199999963,
      172.2134160000005,
      14.251749999999447,
      22.897666999999274,
      68.69145799999933,
      142.0202079999999,
      77.61849999999959,
      79.90962500000023,
      164.97925000000032
    ]
  },
  "taro-react": {
    "babel": [
      274.32154099999934,
      217.79041699999834,
      324.226584,
      300.18695900000057,
      407.34679199999846,
      257.223833
    ]
  },
  "taro-vue3": {
    "babel": [
      706.119749999998,
      286.42033300000185
    ]
  },
  "native-webpack": {
    "babel": [
      120.48866699999962,
      118.75525000000016
    ]
  }
}
