{
  "native-webpack": {
    "babel": [
      273.2897919999996
    ]
  },
  "mpx": {
    "babel": [
      175.26137499999822,
      270.08195799999885,
      212.05054200000086,
      214.31504199999836,
      166.66712499999994,
      91.51866700000028,
      1199.4366669999945
    ]
  },
  "uni-app-webpack5-vue2": {
    "babel": [
      835.9472080000014
    ]
  },
  "rax": {
    "babel": [
      135.91237499999988,
      147.46399999999994,
      299.7002089999987,
      165.8474580000002,
      68.5847909999975,
      95.69133299999885,
      614.1386249999996
    ]
  },
  "uni-app-webpack-vue2": {
    "babel": [
      1771.2796249999992
    ]
  },
  "taro-react": {
    "babel": [
      954.2450419999986,
      510.296957999999,
      345.39195800000016
    ]
  },
  "taro-vue3": {
    "babel": [
      241.92099999999482
    ]
  }
}
