{
  "mpx": {
    "babel": [
      52.783292000000074,
      0.38741600000048493,
      11.452957999999853,
      0.20720799999980954,
      0.4182909999999538,
      0.28150000000005093,
      463.66041700000005
    ]
  },
  "native-webpack": {
    "babel": [
      120.10533299999997
    ]
  },
  "rax": {
    "babel": [
      0.46925000000010186,
      0.12358300000005329,
      0.27066599999989194,
      0.1987080000003516,
      0.30308400000012625,
      0.5287499999999454,
      136.71845799999983
    ]
  },
  "taro-react": {
    "babel": [
      330.04662499999904,
      160.39108300000044,
      252.26808299999902
    ]
  },
  "taro-vue3": {
    "babel": [
      305.100124999999
    ]
  },
  "uni-app-webpack-vue2": {
    "babel": [
      329.4444169999997
    ]
  },
  "uni-app-vite-vue3": {
    "babel": [
      461.94112499999983,
      467.897958,
      477.23312499999975
    ]
  },
  "uni-app-webpack5-vue2": {
    "babel": [
      170.06129099999998
    ]
  }
}
