{
  "mpx": {
    "babel": [
      50.57729199999994,
      0.45024999999986903,
      0.2586670000000595,
      0.13462499999968713,
      0.7812919999996666,
      0.3367499999994834,
      396.78158299999996,
      1.0154159999992771,
      0.37924999999995634,
      0.2743749999999636,
      0.2117920000000595,
      0.34391599999980826,
      0.2740830000002461,
      395.552541
    ]
  },
  "native-webpack": {
    "babel": [
      92.71462500000007,
      89.21387499999992
    ]
  },
  "rax": {
    "babel": [
      0.4905420000000049,
      0.2051249999999527,
      0.26237499999979264,
      0.2626669999999649,
      0.1042090000000826,
      0.5551669999999831,
      98.16525000000001,
      0.6043329999997695,
      0.2903329999999187,
      0.36295800000016243,
      0.28033400000003894,
      0.17633299999988594,
      0.6766669999997248,
      98.0954999999999
    ]
  },
  "taro-react": {
    "babel": [
      313.2889580000001,
      164.69066600000042,
      192.92179100000067,
      309.54883299999983,
      163.30312499999854,
      199.87254100000064
    ]
  },
  "taro-vue3": {
    "babel": [
      279.3705829999999,
      261.34449999999924
    ]
  },
  "uni-app-webpack-vue2": {
    "babel": [
      268.78000000000065,
      276.85504200000014
    ]
  },
  "uni-app-vite-vue3": {
    "babel": [
      402.70112500000005,
      431.5030419999998
    ]
  },
  "uni-app-webpack5-vue2": {
    "babel": [
      140.9740829999996,
      144.49262499999986
    ]
  }
}
