{
  "native-webpack": {
    "babel": [
      129.08508400000028
    ]
  },
  "uni-app-webpack5-vue2": {
    "babel": [
      242.84383400000024
    ]
  },
  "uni-app-webpack-vue2": {
    "babel": [
      271.9485420000001
    ]
  },
  "mpx": {
    "babel": [
      16.122333000001163,
      12.728541999998924,
      29.33704100000068,
      45.20850000000064,
      23.707916999999725,
      18.067291999999725,
      378.9488339999989
    ]
  },
  "rax": {
    "babel": [
      25.878208000000086,
      38.80504099999962,
      18.608000000000175,
      8.044167000000016,
      7.804583000000093,
      15.344000000000051,
      97.25708300000042
    ]
  },
  "taro-vue3": {
    "babel": [
      279.00887499999953
    ]
  },
  "taro-react": {
    "babel": [
      189.89895799999977,
      125.26858300000004,
      143.6466670000009
    ]
  }
}
