{
  "mpx": {
    "babel": [
      2.232833000000028,
      7.676916999999776,
      8.970124999999825,
      12.557084000000032,
      4.155791999999565,
      16.01616600000034,
      558.6442500000003
    ]
  },
  "native-webpack": {
    "babel": [
      186.57545800000025
    ]
  },
  "rax": {
    "babel": [
      4.001333999999588,
      8.885874999999942,
      0.2519579999998314,
      1.189582999999402,
      2.201292000000649,
      2.4836660000000848,
      205.43687500000033
    ]
  },
  "taro-react": {
    "babel": [
      418.63495799999873,
      656.3360830000001,
      453.04212499999994
    ]
  },
  "taro-vue2": {
    "babel": [
      361.5986660000008
    ]
  },
  "taro-vue3": {
    "babel": [
      485.45295799999985
    ]
  },
  "uni-app-webpack-vue2": {
    "babel": [
      483.54475
    ]
  },
  "uni-app-vite-vue3": {
    "babel": [
      758.923792
    ]
  },
  "uni-app-webpack5-vue2": {
    "babel": [
      266.27587500000027
    ]
  }
}
