{
  "uni-app-webpack-vue2": {
    "babel": [
      324.87266699999964
    ]
  },
  "uni-app-webpack5-vue2": {
    "babel": [
      250.15462500000012
    ]
  },
  "taro-react": {
    "babel": [
      347.95766600000024,
      651.6249159999988,
      458.9738749999997
    ]
  },
  "rax": {
    "babel": [
      35.019542,
      60.848957999999584,
      169.79874999999993,
      245.17849999999999,
      84.37979200000063,
      211.46316699999898,
      301.87870799999837
    ]
  },
  "mpx": {
    "babel": [
      109.48833299999933,
      23.614416000000347,
      12.867792000000918,
      20.3075000000008,
      10.369791999997688,
      32.80462500000067,
      286.5052080000023
    ]
  },
  "native-webpack": {
    "babel": [
      236.4947089999996
    ]
  },
  "taro-vue3": {
    "babel": [
      208.9945000000007
    ]
  }
}
