{
  "rax": {
    "babel": [
      282.634458,
      296.0159160000003,
      333.3603750000002,
      345.4709579999999,
      240.19316700000036
    ]
  },
  "native-webpack": {
    "babel": [
      118.9399999999996
    ]
  },
  "uni-app-webpack5-vue2": {
    "babel": [
      202.59470799999963
    ]
  },
  "mpx": {
    "babel": [
      66.80225000000064,
      47.68108299999949,
      57.230458,
      58.63608299999942,
      32.93145800000093,
      29.377040999999736,
      440.5864590000001
    ]
  },
  "uni-app-webpack-vue2": {
    "babel": [
      434.22662500000024
    ]
  },
  "taro-vue3": {
    "babel": [
      298.26241700000173
    ]
  },
  "taro-react": {
    "babel": [
      151.64508300000034,
      114.5309159999997,
      156.7891669999999
    ]
  }
}
