{
  "mpx": {
    "babel": [
      77.25266600000032,
      0.4229169999998703,
      0.31825000000026193,
      0.2477500000004511,
      0.2885839999999007,
      0.3358330000000933,
      308.1537500000004,
      397.08566599999995,
      444.7786249999999,
      454.82429200000024,
      433.55112499999996
    ]
  },
  "native-webpack": {
    "babel": [
      72.77525000000014,
      71.76470900000004,
      69.85220800000025,
      72.59620799999993,
      72.42824999999993
    ],
    "ast-grep": [
      64.55666699999983
    ]
  },
  "rax": {
    "babel": [
      0.5032089999995151,
      0.23891699999967386,
      1.828375000000051,
      1.2275840000002063,
      0.17429200000060519,
      0.5421249999999418,
      107.72195800000009,
      0.6028340000002572,
      0.24054200000045967,
      0.4090830000004644,
      0.5773340000005192,
      0.27287499999965803,
      0.5601669999996375,
      119.9091669999998,
      182.24962499999992,
      0.8122910000001866,
      0.38370800000029703,
      0.5425420000001395,
      0.40645799999947485,
      0.36933399999998073,
      0.4202500000001237,
      119.94016699999975,
      221.8755000000001
    ]
  },
  "taro-react": {
    "babel": [
      322.7221669999999,
      193.59195799999907,
      530.6978749999998,
      261.37075000000004,
      190.53949999999895,
      562.0605419999993,
      261.2486250000002,
      211.85733299999993,
      800.9013329999998,
      265.06075000000055,
      193.2767500000009,
      574.0553749999999,
      279.6657499999983,
      200.6282080000001,
      558.7647909999996
    ]
  },
  "taro-vue2": {
    "babel": [
      266.6553330000006,
      253.49479200000042,
      482.5504169999999,
      283.54441700000007,
      428.6801660000001
    ]
  },
  "taro-vue3": {
    "babel": [
      248.90908300000046,
      247.4362919999985,
      406.4744579999997,
      325.3167089999988,
      365.6958749999999
    ],
    "ast-grep": [
      112.43729200000007,
      246.02150000000074,
      8.78229199999987,
      10.172916999988956,
      154.60370800000055
    ]
  },
  "uni-app-webpack-vue2": {
    "babel": [
      290.7359580000002,
      308.439042,
      263.65108299999974,
      669.7370419999997,
      333.5307499999999
    ]
  },
  "uni-app-vite-vue3": {
    "babel": [
      389.9412910000001,
      390.98279100000036,
      774.2976249999997,
      402.02612499999987,
      399.837583
    ]
  },
  "uni-app-webpack5-vue2": {
    "babel": [
      153.21304199999986,
      156.89983299999994,
      157.9190840000001,
      164.59837500000003,
      196.905084
    ]
  }
}
