{
  "mpx": {
    "babel": [
      922.9363330000001
    ]
  },
  "native-webpack": {
    "babel": [
      177.8834579999998
    ]
  },
  "taro-react": {
    "babel": [
      355.32574999999997,
      239.3564580000002,
      320.31825000000026
    ]
  },
  "rax": {
    "babel": [
      10.069875000000138,
      30.296542000000045,
      76.81508399999984,
      150.8002919999999,
      81.08245799999986,
      82.69683299999997,
      209.3288330000014
    ]
  },
  "uni-app-webpack5-vue2": {
    "babel": [
      344.4404999999997
    ]
  },
  "uni-app-webpack-vue2": {
    "babel": [
      219.3173340000003
    ]
  },
  "taro-vue3": {
    "babel": [
      204.10512500000004
    ]
  }
}
