{
  "mpx": {
    "babel": [
      1.0368750000002365,
      0.33808300000009694,
      0.28749999999990905,
      0.1560420000000704,
      0.31462499999997817,
      0.27387499999986176,
      402.4026670000003
    ]
  },
  "native-webpack": {
    "babel": [
      88.89670800000022
    ]
  },
  "rax": {
    "babel": [
      0.4800839999998061,
      0.13200000000006185,
      0.15729200000032506,
      0.2640000000001237,
      0.22541700000010678,
      0.4706670000000486,
      92.9996659999997
    ]
  },
  "taro-react": {
    "babel": [
      242.91183300000012,
      179.0669170000001,
      377.2674999999999
    ]
  },
  "taro-vue3": {
    "babel": [
      262.6580419999991
    ]
  },
  "uni-app-webpack-vue2": {
    "babel": [
      263.8625839999995
    ]
  },
  "uni-app-vite-vue3": {
    "babel": [
      435.98233400000026
    ]
  },
  "uni-app-webpack5-vue2": {
    "babel": [
      142.51870899999994
    ]
  }
}
