{
  "native-webpack": {
    "babel": [
      126.78891599999997
    ]
  },
  "mpx": {
    "babel": [
      1.17241599999943,
      0.7760830000006536,
      0.4891250000000582,
      0.40895799999998417,
      0.5295420000002196,
      0.4198340000002645,
      1005.3889170000002
    ]
  },
  "uni-app-webpack5-vue2": {
    "babel": [
      260.0762080000004
    ]
  },
  "rax": {
    "babel": [
      0.5542500000010477,
      1.5105419999999867,
      0.5895000000000437,
      0.4633750000011787,
      0.38629199999923003,
      0.7334590000009484,
      177.9410000000007
    ]
  },
  "uni-app-webpack-vue2": {
    "babel": [
      645.4058750000004
    ]
  },
  "taro-vue3": {
    "babel": [
      342.3161659999987
    ]
  },
  "taro-react": {
    "babel": [
      272.11824999999953,
      265.9162090000009,
      273.1949590000004
    ]
  }
}
