{
  "rax": {
    "babel": [
      302.53774999999996
    ]
  },
  "native-webpack": {
    "babel": [
      102.3143329999998
    ]
  },
  "taro-vue3": {
    "babel": [
      703.8018330000004
    ]
  },
  "mpx": {
    "babel": [
      874.3651249999994
    ]
  },
  "taro-react": {
    "babel": [
      259.1263749999998,
      237.52783400000044,
      233.93024999999943
    ]
  },
  "uni-app-webpack5-vue2": {
    "babel": [
      236.78612499999963
    ]
  },
  "uni-app-webpack-vue2": {
    "babel": [
      200.04879099999926
    ]
  }
}
