{
  "mpx": {
    "babel": [
      52.38658299999952,
      13.192166999999245,
      141.5575000000008,
      174.97741600000154,
      12.931667000000743,
      33.44337500000074,
      678.8338749999966
    ]
  },
  "uni-app-webpack5-vue2": {
    "babel": [
      419.96833400000014
    ]
  },
  "uni-app-webpack-vue2": {
    "babel": [
      542.8602499999988
    ]
  },
  "taro-react": {
    "babel": [
      525.923417,
      256.9740839999995,
      291.99295899999925
    ]
  },
  "native-webpack": {
    "babel": [
      92.4208749999998
    ]
  },
  "rax": {
    "babel": [
      57.61616700000013,
      155.17245899999944
    ]
  },
  "taro-vue3": {
    "babel": [
      199.49054200000137
    ]
  }
}
