{
  "native-webpack": {
    "babel": [
      104.39754100000027
    ]
  },
  "rax": {
    "babel": [
      224.10991600000034,
      100.61779099999967,
      111.9824580000004,
      75.88050000000021,
      94.25170900000012,
      156.78329200000007,
      220.54849999999988
    ]
  },
  "taro-vue3": {
    "babel": [
      400.6917500000018
    ]
  },
  "mpx": {
    "babel": [
      29.952416000000085,
      11.07458300000144,
      20.927292000000307,
      36.11462500000016,
      7.032875000000786,
      7.725166000000172,
      280.7640420000007
    ]
  },
  "taro-react": {
    "babel": [
      252.8977500000001,
      276.88374999999905,
      201.3182909999996
    ]
  }
}
