{
  "uni-app-webpack-vue2": {
    "babel": [
      357.89879199999996,
      480.3499579999998,
      203.96129100000007,
      484.67220799999996
    ]
  },
  "mpx": {
    "babel": [
      82.31887499999993,
      2.1920000000000073,
      2.2018330000000788,
      1.5587500000001455,
      1.5122499999997672,
      2.240415999999641,
      825.0493339999994,
      159.70641700000033,
      4.053374999999505,
      1.6729579999991984,
      23.67620800000077,
      1.5427089999993768,
      1.6888330000001588,
      510.1842919999999,
      37.84233399999994,
      1.7601669999999103,
      1.3656250000003638,
      1.200416000000132,
      1.2339590000001408,
      1.2128750000001673,
      248.83604099999957,
      57.89441699999952,
      1.8749160000006668,
      1.4928339999996751,
      1.0524999999997817,
      4.068750000000364,
      1.434624999999869,
      269.16341699999975
    ]
  },
  "native-webpack": {
    "babel": [
      81.76637500000015,
      102.62920800000029,
      56.97129099999984,
      99.47308299999986
    ]
  },
  "taro-vue3": {
    "babel": [
      442.578125,
      228.68408400000044,
      340.1056659999995
    ]
  },
  "rax": {
    "babel": [
      100.26333299999988,
      114.69974999999977,
      7.467624999999316,
      30.279625000000124,
      57.99883299999965,
      77.8125,
      262.50374999999985,
      147.9229170000001,
      318.9729580000003
    ]
  },
  "taro-react": {
    "babel": [
      800.1763750000009,
      634.7270000000008,
      306.4793329999993,
      202.67970799999966,
      343.586542,
      180.46295800000007,
      435.27966600000036,
      301.3488749999997,
      603.8572920000006
    ]
  }
}
