{
  "native-webpack": {
    "babel": [
      56.809416000000056,
      16.996083,
      1.524666000000252,
      16.311290999999983,
      1.811750000000302,
      55.16183299999989,
      16.565458000000035,
      1.3635839999999462,
      15.243458000000373,
      1.4225409999999101,
      55.2220420000001,
      16.356041000000005,
      1.5243330000000697,
      15.008249999999862,
      5.156583999999839
    ]
  },
  "taro-react": {
    "babel": [
      208.24220799999966,
      189.4665419999992,
      174.0079169999999,
      19.425916999999572,
      19.030499999999847,
      55.256749999999556,
      16.526624999999513,
      14.775666999999885,
      24.509250000000065,
      18.87145899999996,
      18.939666000000216,
      39.26245800000015,
      18.987166999999317,
      15.961083000000144,
      23.542084000000614
    ]
  },
  "uni-app-webpack-vue2": {
    "babel": [
      159.5597499999999,
      37.548333000000184,
      5.073457999999846,
      29.23425000000043,
      4.5425420000001395
    ]
  },
  "mpx": {
    "babel": [
      113.48283300000003,
      0.07816700000012133,
      0.06379100000003746,
      0.02608300000019881,
      0.21225000000004002,
      0.05908399999998437,
      278.81104099999993,
      9.466625000000022,
      3.030874999999469,
      9.103000000000065,
      3.043416999999863
    ]
  },
  "rax": {
    "babel": [
      0.10608300000012605,
      12.454416999999921,
      0.051832999999987805,
      0.061208000000078755,
      0.07479100000000471,
      0.1349169999998594,
      105.87420799999973,
      0.11570800000026793,
      69.98774999999978,
      0.059958999999707885,
      40.58283299999994,
      0.06074999999964348,
      75.52599999999984,
      0.09754099999963728,
      42.61195800000041
    ]
  }
}
