{
  "native-webpack": {
    "babel": [
      116.14312500000005,
      108.64695800000027
    ]
  },
  "mpx": {
    "babel": [
      34.17183400000067,
      103.03924999999981,
      124.89708299999984,
      126.38495800000055,
      133.1155830000007,
      61.606792000000496,
      603.1741250000014,
      72.59725000000071,
      46.647125000001324,
      59.99024999999892,
      61.178791000000274,
      23.377833000000464,
      31.04041700000016,
      510.8442500000001
    ]
  },
  "taro-react": {
    "babel": [
      907.532874999999,
      555.9444590000003,
      422.325667000001,
      434.01287499999853,
      379.1090000000004,
      300.8999160000003
    ]
  },
  "taro-vue3": {
    "babel": [
      340.3342499999999,
      282.2056670000002
    ]
  },
  "rax": {
    "babel": [
      24.733750000000327,
      31.699416999999812,
      14.639207999999599,
      29.16020800000024,
      14.407874999999876,
      33.54429199999959,
      110.43270800000028,
      105.9869579999995,
      120.03487499999937,
      29.99779099999978,
      72.60162500000024,
      79.12637499999983,
      127.04766599999948,
      248.81570900000042
    ]
  }
}
