{
  "native-webpack": {
    "babel": [
      227.44970900000044
    ]
  },
  "mpx": {
    "babel": [
      72.4521249999998,
      37.95945800000118,
      181.99929099999645,
      51.5724999999984,
      27.980250000000524,
      44.66112499999872,
      999.6399170000004
    ]
  },
  "rax": {
    "babel": [
      842.2085829999996,
      877.1502920000021,
      275.4758750000001,
      109.57004099999904,
      214.76766700000007,
      369.9099169999972,
      240.84812500000044
    ]
  },
  "taro-react": {
    "babel": [
      412.9987080000028,
      295.58195799999885,
      284.0390830000033
    ]
  },
  "taro-vue3": {
    "babel": [
      1000.1718329999967
    ]
  }
}
