{
  "native-webpack": {
    "babel": [
      110.12095800000043
    ]
  },
  "rax": {
    "babel": [
      243.66562500000055
    ]
  },
  "taro-vue3": {
    "babel": [
      232.63454199999978
    ]
  },
  "mpx": {
    "babel": [
      18.247666999999637,
      14.423291999999492,
      29.31879200000003,
      38.50070799999958,
      6.464582999999948,
      17.91791699999976,
      262.47870800000055
    ]
  },
  "taro-react": {
    "babel": [
      262.52991699999984,
      183.4846660000003,
      181.82066699999996
    ]
  }
}
