{
  "mpx": {
    "babel": [
      72.37912500000039,
      47.74304099999972,
      79.22708299999977,
      82.24200000000019,
      51.325582999999824,
      30.738750000000437,
      522.5755840000002
    ]
  },
  "taro-react": {
    "babel": [
      290.37324999999873,
      267.690125000001,
      345.5149590000001
    ]
  },
  "rax": {
    "babel": [
      233.426958,
      315.3628749999998,
      32.51887500000066,
      131.69633299999987,
      35.49633399999948,
      62.700042000000394,
      152.31220799999937
    ]
  },
  "taro-vue3": {
    "babel": [
      322.630291999998
    ]
  },
  "native-webpack": {
    "babel": [
      182.30762499999992
    ]
  }
}
