{
  "native-webpack": {
    "babel": [
      56.809416000000056,
      16.996083,
      1.524666000000252,
      16.311290999999983,
      1.811750000000302,
      55.16183299999989,
      16.565458000000035,
      1.3635839999999462,
      15.243458000000373,
      1.4225409999999101,
      55.2220420000001,
      16.356041000000005,
      1.5243330000000697,
      15.008249999999862,
      5.156583999999839,
      62.11941700000011,
      16.29658399999994,
      1.6528749999999945,
      15.340874999999869,
      1.6225420000000668
    ]
  },
  "taro-react": {
    "babel": [
      208.24220799999966,
      189.4665419999992,
      174.0079169999999,
      19.425916999999572,
      19.030499999999847,
      55.256749999999556,
      16.526624999999513,
      14.775666999999885,
      24.509250000000065,
      18.87145899999996,
      18.939666000000216,
      39.26245800000015,
      18.987166999999317,
      15.961083000000144,
      23.542084000000614,
      218.8514580000001,
      193.33229200000005,
      160.16520899999978,
      19.847625000000335,
      18.693333000000166,
      54.88591699999961,
      15.836750000000393,
      15.57733300000018,
      24.468665999999757,
      20.12829199999942,
      17.74237500000072,
      39.16254200000003,
      17.154083999999784,
      14.878125000000182,
      22.908916000000318
    ]
  },
  "uni-app-webpack-vue2": {
    "babel": [
      159.5597499999999,
      37.548333000000184,
      5.073457999999846,
      29.23425000000043,
      4.5425420000001395,
      164.13925000000017,
      35.88833300000033,
      4.826082999999926,
      26.592541999999412,
      4.9702079999997295
    ]
  },
  "mpx": {
    "babel": [
      113.48283300000003,
      0.07816700000012133,
      0.06379100000003746,
      0.02608300000019881,
      0.21225000000004002,
      0.05908399999998437,
      278.81104099999993,
      9.466625000000022,
      3.030874999999469,
      9.103000000000065,
      3.043416999999863,
      40.577334000000064,
      0.08541700000023411,
      0.0718339999998534,
      0.03249999999979991,
      0.13045800000008967,
      0.04100000000016735,
      298.5335420000001,
      9.260333999999602,
      3.1899169999996957,
      10.547749999999724,
      3.0186669999993683
    ]
  },
  "rax": {
    "babel": [
      0.10608300000012605,
      12.454416999999921,
      0.051832999999987805,
      0.061208000000078755,
      0.07479100000000471,
      0.1349169999998594,
      105.87420799999973,
      0.11570800000026793,
      69.98774999999978,
      0.059958999999707885,
      40.58283299999994,
      0.06074999999964348,
      75.52599999999984,
      0.09754099999963728,
      42.61195800000041,
      0.09758300000021336,
      27.376708000000235,
      0.060833999999886146,
      0.05687500000021828,
      0.06741700000020501,
      0.10533299999997325,
      108.04270799999995,
      0.135417000000416,
      65.66358300000002,
      0.07691700000032142,
      42.981667000000016,
      0.06274999999959618,
      68.09825000000001,
      0.15416600000025937,
      57.63304100000005
    ]
  }
}
