{
  "native-webpack": {
    "babel": [
      180.02837500000032
    ]
  },
  "rax": {
    "babel": [
      35.81104199999936,
      43.571500000000015,
      22.24670900000001,
      72.39916700000049,
      156.2405830000007,
      213.0677080000005,
      218.1169579999996
    ]
  },
  "mpx": {
    "babel": [
      83.7475830000003,
      13.744042000000263,
      7.044332999999824,
      17.552291999998488,
      17.397417000000132,
      54.23966599999949,
      484.35645900000054
    ]
  },
  "taro-react": {
    "babel": [
      204.15641700000015,
      152.3618750000005,
      186.17383399999926
    ]
  },
  "taro-vue3": {
    "babel": [
      253.78870800000004
    ]
  }
}
