{
  "taro-react": {
    "babel": [
      207.07295799999974,
      345.34249999999975,
      171.59258300000056,
      27.88708399999996,
      51.16420900000048,
      41.75141699999949,
      20.81145799999922,
      38.94904099999985,
      25.443250000000262,
      25.22070799999983,
      47.06733299999996,
      42.889000000000124,
      21.87854200000038,
      40.74474999999984,
      26.635332999999264,
      20.435999999999694,
      39.827124999999796,
      40.730875000001106,
      104.68262499999946,
      160.81491599999936,
      33.841582999999446,
      22.21075000000019,
      44.54708399999981,
      40.246791999999914,
      21.229707999998936,
      39.91987499999959,
      25.997792000000118,
      21.428125000000364,
      42.5960840000007,
      44.835041000000274,
      21.883625000000393,
      40.904583999999886,
      27.76000000000022,
      24.45641699999942,
      49.48229199999878,
      46.1099579999991,
      21.166708000000654,
      47.13970800000061,
      31.773999999999432,
      22.601082999999562,
      43.35554199999933,
      31.00970799999959,
      20.936541999999463,
      39.891584000000876,
      28.908417000000554,
      20.926041999999143,
      38.86933299999873,
      27.987708000000566,
      18.594875000002503,
      17.10045799999716,
      25.398457999999664,
      17.753584000001865,
      18.358249999997497,
      26.1683329999978
    ]
  },
  "taro-vue3": {
    "babel": [
      473.99683300000015,
      10.325749999999971,
      78.49358399999983,
      33.13804100000016,
      76.5400840000002,
      31.79724999999962,
      76.7445000000007,
      29.464708999999857,
      79.93920799999978,
      31.11620800000128,
      81.77629200000047,
      30.168166000001293,
      81.44987499999843,
      32.280541000000085,
      76.97650000000067,
      66.10458300000028,
      31.345000000001164,
      25.338874999997643,
      40.361666000000696
    ]
  },
  "rax": {
    "babel": [
      50.72804099999985,
      55.92883299999994,
      3.7412500000000364,
      11.937750000000051,
      8.994666999999936,
      15.475541999999678,
      123.84266699999989,
      6.310707999999977,
      76.25004200000012,
      5.705791999999747,
      52.34304199999997,
      20.955834000000323,
      93.07483400000001,
      6.34020799999962,
      61.82066600000053,
      6.141082999999526,
      82.4148750000004,
      8.230333999999857,
      63.19012499999917,
      6.41241699999955,
      65.49991599999976,
      5.455917000000227,
      44.38575000000037,
      5.872207999999773,
      62.52754100000038,
      5.377707999999984,
      42.649999999999636,
      5.52679100000023,
      57.77012500000001,
      5.779583000000457,
      51.81745799999953,
      6.791917000000467,
      45.80016599999999,
      9.661207999999533,
      46.449000000000524,
      5.713124999999309,
      53.017415999999685,
      7.892374999999447,
      12.464500000000044,
      69.20533300000079,
      2.9471659999999247,
      20.44237499999963,
      70.50108300000011
    ]
  },
  "mpx": {
    "babel": [
      62.88924999999972,
      1.6065419999999904,
      1.3555830000000242,
      1.4630409999999756,
      1.224500000000262,
      1.3255420000000413,
      310.38166699999965,
      11.512416999999914,
      10.886416000000281,
      4.401417000000038,
      14.68645800000013,
      5.124541999999565,
      10.823458999999275,
      5.25420800000029,
      5.294165999999677,
      11.728917000000365,
      4.430167000000438,
      4.183666999999332,
      11.446834000000308,
      6.475792000000183,
      3.995542000000569,
      4.55304200000046,
      9.895249999999578,
      7.99041600000055,
      4.384041999999681,
      3.6711249999989377,
      5.313125000000582,
      6.207165999998324,
      4.41662499999984,
      12.376290999998673,
      3.8824170000007143
    ]
  },
  "uni-app-webpack-vue2": {
    "babel": [
      252.74195800000007,
      34.96204200000011,
      10.704458000000159,
      34.25808400000005,
      9.742541999999958,
      35.23083299999962,
      8.931540999999925,
      31.142290999999204,
      10.105666999999812,
      30.73425000000043,
      10.430624999999964,
      28.626624999999876,
      9.518291999999747,
      11.592375000000175,
      10.298375000000306,
      9.363291000000572,
      26.298542000000452,
      8.064666999999645
    ]
  },
  "native-webpack": {
    "babel": [
      57.42604200000005,
      17.611499999999978,
      3.820125000000189,
      17.584709000000203,
      4.364207999999962,
      15.875790999999936,
      4.228125000000091,
      15.46225000000004,
      3.9236249999999018,
      17.559708000000228,
      3.539249999999811,
      14.586207999999715,
      2.928125000000364,
      3.7485420000002705,
      3.185457999999926,
      2.8178750000006403,
      4.6475420000006125,
      3.743083999999726
    ]
  }
}
