{
  "rax": {
    "babel": [
      158.4853750000002,
      170.9449169999998,
      192.02712500000052,
      224.55770800000028,
      380.17595900000015
    ]
  },
  "mpx": {
    "babel": [
      70.16912499999944,
      25.655958000001192,
      42.36466699999983,
      55.67625000000044,
      15.309124999999767,
      19.180833999998868,
      505.0582919999997,
      19.31024999999954,
      7.027165999999852,
      12.983083000000079,
      19.383292000000438,
      6.368583999999828,
      6.348541000000296,
      296.14320899999984
    ]
  },
  "native-webpack": {
    "babel": [
      148.64141599999994,
      94.96025000000009
    ]
  },
  "taro-react": {
    "babel": [
      509.8591670000005,
      265.1586669999997,
      374.49141600000075,
      459.1961250000004,
      283.01308400000016,
      194.28250000000116
    ]
  },
  "taro-vue3": {
    "babel": [
      224.59808300000077,
      244.59050000000025
    ]
  }
}
