{
  "native-webpack": {
    "babel": [
      101.55895899999996
    ]
  },
  "rax": {
    "babel": [
      78.59104200000002,
      87.65529199999946,
      17.711334000000534,
      58.95375000000058,
      25.776083000000654,
      31.721166000000267,
      151.42104199999994
    ]
  },
  "mpx": {
    "babel": [
      192.42933300000004,
      2.578375000000051,
      1.5520419999993464,
      1.3134580000005371,
      3.709499999999025,
      1.6236670000016602,
      368.97599999999875
    ]
  },
  "uni-app-webpack-vue2": {
    "babel": [
      412.6164170000002
    ]
  },
  "taro-react": {
    "babel": [
      409.26850000000013,
      299.48283400000037,
      398.30112499999996
    ]
  },
  "taro-vue3": {
    "babel": [
      238.51429199999984
    ]
  }
}
