{
  "rax": {
    "babel": [
      47.21404199999961,
      85.42937499999971,
      57.658416999999645,
      89.44591700000001,
      16.647541999999703,
      36.326999999999316,
      176.82245800000055,
      284.0735410000002
    ]
  },
  "native-webpack": {
    "babel": [
      123.62445900000057,
      90.160167
    ]
  },
  "taro-react": {
    "babel": [
      345.94458399999894,
      241.44254200000069,
      191.61199999999735,
      297.9538329999996,
      287.1249579999985,
      311.7569999999996
    ]
  },
  "mpx": {
    "babel": [
      25.115459000000556,
      7.96362500000032,
      14.062458000000333,
      21.27087500000016,
      9.415750000000116,
      8.3315419999999,
      281.2243330000001,
      33.95441699999992,
      44.984582999999475,
      14.1752919999999,
      29.758958000000348,
      6.767458000000261,
      12.447041000000354,
      653.0321669999994
    ]
  },
  "taro-vue3": {
    "babel": [
      219.80804200000057,
      198.44483299999956
    ]
  }
}
