{
  "rax": {
    "babel": [
      50.659834000000046,
      70.01658399999997,
      31.439374999999927,
      66.04641699999956,
      34.34587499999998,
      89.32745900000009,
      199.71683399999984,
      278.6315840000002
    ]
  },
  "uni-app-webpack-vue2": {
    "babel": [
      535.2159170000004,
      222.17799999999988
    ]
  },
  "native-webpack": {
    "babel": [
      98.06779099999994,
      251.95533300000034
    ]
  },
  "mpx": {
    "babel": [
      167.97891700000037,
      1.9792080000006536,
      1.574583999999959,
      1.273124999999709,
      4.740374999999403,
      1.7011250000014115,
      409.1598749999994
    ]
  },
  "taro-react": {
    "babel": [
      271.7841669999998,
      163.98395900000105,
      168.15291699999943
    ]
  },
  "taro-vue3": {
    "babel": [
      205.5015829999993
    ]
  }
}
