{
  "taro-react": {
    "babel": [
      336.59141700000055,
      214.2928750000001,
      326.8468330000005
    ]
  },
  "mpx": {
    "babel": [
      24.744125000000167,
      10.535167000000001,
      19.074957999999242,
      45.6597499999998,
      20.826250000000073,
      16.447916000000077,
      479.24504200000047
    ]
  },
  "native-webpack": {
    "babel": [
      95.32504199999994
    ]
  },
  "rax": {
    "babel": [
      368.619917
    ]
  },
  "taro-vue3": {
    "babel": [
      188.63645799999995
    ]
  }
}
