{
  "native-webpack": {
    "babel": [
      116.14312500000005,
      108.64695800000027,
      74.43041700000003
    ]
  },
  "mpx": {
    "babel": [
      34.17183400000067,
      103.03924999999981,
      124.89708299999984,
      126.38495800000055,
      133.1155830000007,
      61.606792000000496,
      603.1741250000014,
      72.59725000000071,
      46.647125000001324,
      59.99024999999892,
      61.178791000000274,
      23.377833000000464,
      31.04041700000016,
      510.8442500000001,
      44.16129100000035,
      15.309957999999824,
      17.80395800000042,
      26.190583000000515,
      8.9984170000007,
      12.59900000000016,
      274.95800000000054
    ]
  },
  "taro-react": {
    "babel": [
      907.532874999999,
      555.9444590000003,
      422.325667000001,
      434.01287499999853,
      379.1090000000004,
      300.8999160000003,
      383.6355000000003,
      391.6057499999988,
      336.0347499999989
    ]
  },
  "taro-vue3": {
    "babel": [
      340.3342499999999,
      282.2056670000002,
      217.80837500000052
    ]
  },
  "rax": {
    "babel": [
      24.733750000000327,
      31.699416999999812,
      14.639207999999599,
      29.16020800000024,
      14.407874999999876,
      33.54429199999959,
      110.43270800000028,
      105.9869579999995,
      120.03487499999937,
      29.99779099999978,
      72.60162500000024,
      79.12637499999983,
      127.04766599999948,
      248.81570900000042,
      7.674124999999549,
      27.40662499999962,
      11.64495799999986,
      84.12904100000014,
      41.11287500000071,
      57.18845800000054,
      162.23183299999982
    ]
  }
}
