{
  "rax": {
    "babel": [
      415.20245799999975,
      432.19083300000057,
      309.51916600000004,
      215.4367080000011,
      256.7444579999974,
      326.0404579999995,
      1027.0754579999993
    ]
  },
  "taro-react": {
    "babel": [
      4934.107334,
      4981.739125,
      1712.7459579999995
    ]
  },
  "native-webpack": {
    "babel": [
      486.645542000002
    ]
  },
  "mpx": {
    "babel": [
      26.55174999999963,
      14.703499999999622,
      55.85950000000048,
      56.94079200000033,
      23.838999999999942,
      62.29425000000083,
      401.43795800000044
    ]
  },
  "taro-vue3": {
    "babel": [
      317.66733399999794
    ]
  }
}
