{
  "rax": {
    "babel": [
      0.25204100000019025,
      0.06608299999970768,
      0.09166700000014316,
      0.06462499999997817,
      0.07920800000010786,
      0.11362499999995634,
      91.81187500000033,
      145.176334
    ]
  },
  "taro-react": {
    "babel": [
      218.51216699999986,
      136.42004200000065,
      196.76208299999962,
      153.02337500000067,
      107.96370900000056,
      139.92974999999933
    ]
  },
  "taro-vue3": {
    "babel": [
      182.83058299999902,
      175.78420800000004
    ]
  },
  "native-webpack": {
    "babel": [
      51.188625
    ]
  },
  "uni-app-webpack-vue2": {
    "babel": [
      147.49279100000012
    ]
  },
  "mpx": {
    "babel": [
      53.16870800000015,
      0.08649999999988722,
      0.06704100000024482,
      0.03670800000008967,
      0.11937500000021828,
      0.05866599999990285,
      243.62433300000066
    ]
  }
}
