{
  "rax": {
    "babel": [
      0.2344159999997828,
      0.06725000000005821,
      0.06704100000024482,
      0.08191699999952107,
      0.07099999999991269,
      0.13162499999998545,
      96.20883299999969
    ]
  },
  "mpx": {
    "babel": [
      216.03162499999962,
      0.1648749999994834,
      0.08629099999961909,
      0.05704100000002654,
      0.16870799999924202,
      0.08358299999963492,
      531.1272499999995
    ]
  },
  "native-webpack": {
    "babel": [
      75.02545800000007
    ]
  },
  "taro-react": {
    "babel": [
      329.62108400000034,
      268.8831659999996,
      251.10258299999987
    ]
  },
  "taro-vue3": {
    "babel": [
      221.59500000000116
    ]
  },
  "uni-app-webpack-vue2": {
    "babel": [
      171.96695799999998
    ]
  }
}
