{
  "mpx": {
    "babel": [
      72.37912500000039,
      47.74304099999972,
      79.22708299999977,
      82.24200000000019,
      51.325582999999824,
      30.738750000000437,
      522.5755840000002,
      29.109416999999667,
      26.961042000000816,
      14.24895800000013,
      50.29845800000112,
      21.832791999999245,
      20.112583000000086,
      387.7518340000006
    ]
  },
  "taro-react": {
    "babel": [
      290.37324999999873,
      267.690125000001,
      345.5149590000001,
      466.3622919999998,
      603.1138339999998,
      266.35770800000137
    ]
  },
  "rax": {
    "babel": [
      233.426958,
      315.3628749999998,
      32.51887500000066,
      131.69633299999987,
      35.49633399999948,
      62.700042000000394,
      152.31220799999937,
      201.63195799999994,
      219.26008300000012,
      27.773333000000093,
      49.1153749999994,
      22.756749999999556,
      44.54608299999927,
      204.12283399999978
    ]
  },
  "taro-vue3": {
    "babel": [
      322.630291999998,
      560.6551249999993
    ]
  },
  "native-webpack": {
    "babel": [
      182.30762499999992,
      79.48033299999997
    ]
  }
}
