{
  "native-webpack": {
    "babel": [
      116.14312500000005
    ]
  },
  "mpx": {
    "babel": [
      34.17183400000067,
      103.03924999999981,
      124.89708299999984,
      126.38495800000055,
      133.1155830000007,
      61.606792000000496,
      603.1741250000014
    ]
  },
  "taro-react": {
    "babel": [
      907.532874999999,
      555.9444590000003,
      422.325667000001
    ]
  },
  "taro-vue3": {
    "babel": [
      340.3342499999999
    ]
  },
  "rax": {
    "babel": [
      24.733750000000327,
      31.699416999999812,
      14.639207999999599,
      29.16020800000024,
      14.407874999999876,
      33.54429199999959,
      110.43270800000028
    ]
  }
}
