{
  "mpx": {
    "babel": [
      28.22241700000086,
      40.051665999999386,
      120.83420800000022,
      167.57995800000026,
      17.30504099999962,
      32.617083000001,
      543.5549580000006
    ]
  },
  "taro-react": {
    "babel": [
      700.6490840000006,
      415.1961250000004,
      322.6895829999994
    ]
  },
  "native-webpack": {
    "babel": [
      334.31995800000004
    ]
  },
  "taro-vue3": {
    "babel": [
      835.3624159999999
    ]
  },
  "rax": {
    "babel": [
      23.325708000000304,
      58.554041000001234,
      167.43887499999983,
      183.37841600000138,
      194.88754100000006,
      205.6125000000011,
      122.58262500000092
    ]
  }
}
