{
  "uni-app-webpack-vue2": {
    "babel": [
      135.1385409999998,
      513.0607089999994,
      451.7821249999997,
      165.36808400000018,
      48.48716600000034,
      166.8285420000002,
      36.33479200000011,
      5.215749999999844,
      160.94312499999978,
      36.86441599999989,
      4.541332999999668,
      165.62262499999997,
      47.03054199999997,
      4.982040999999754,
      180.78495900000007,
      35.94195800000034,
      4.623082999999951
    ]
  },
  "rax": {
    "babel": [
      0.6124160000017582,
      0.08762500000011642,
      0.15412499999911233,
      0.14475000000129512,
      0.07237500000155705,
      0.11049999999886495,
      388.014083,
      368.3416659999998,
      0.09341700000004494,
      7.56616699999995,
      0.04899999999997817,
      0.0621249999999236,
      0.061375000000225555,
      0.10583300000007512,
      108.46912500000008,
      0.15766600000006292,
      67.35666600000013,
      0.09949999999980719,
      7.833082999999988,
      0.046459000000140804,
      0.05241699999987759,
      0.07654199999979028,
      0.09979199999997945,
      104.4587919999999,
      0.13275000000021464,
      70.37862500000028,
      0.06283399999983885,
      37.446500000000015,
      0.10141699999985576,
      39.17604200000005,
      0.06812499999978172,
      0.06125000000020009,
      0.08079199999974662,
      0.12879100000009203,
      115.21937499999967,
      0.16445900000007896,
      95.92416600000024,
      0.0711660000001757,
      46.07970800000021
    ]
  },
  "native-webpack": {
    "babel": [
      234.477084000001,
      82.84887499999968,
      54.88708299999985,
      17.518375000000106,
      1.6692090000001372,
      58.391333999999915,
      15.990625000000136,
      1.4467090000002827
    ]
  },
  "mpx": {
    "babel": [
      1.0962080000008427,
      0.11212499999965075,
      0.22179099999993923,
      0.0742500000014843,
      0.15620900000067195,
      0.09812500000043656,
      448.82033299999966,
      0.8944999999994252,
      0.11312499999985448,
      0.1110000000007858,
      0.08095900000080292,
      0.1536660000001575,
      0.09499999999934516,
      370.2326669999984,
      38.936249999999745,
      0.07949999999982538,
      0.05366600000024846,
      0.05366700000013225,
      0.1356670000000122,
      0.03258300000015879,
      285.35354199999983,
      0.1425840000001699,
      23.877207999999882,
      3.3599999999996726,
      40.471500000000106,
      0.08520799999996598,
      0.05070800000021336,
      0.03429199999982302,
      0.1302920000002814,
      0.06654200000002675,
      284.9815000000003,
      9.231042000000343,
      2.909708000000137,
      35.09345799999983,
      0.11224999999967622,
      0.054333000000042375,
      0.026957999999922322,
      0.12158299999964584,
      0.036040999999841006,
      281.4201670000002,
      0.1365829999995185,
      11.06262499999957,
      3.235708000000159
    ]
  },
  "taro-vue3": {
    "babel": [
      456.3289580000019,
      296.013084000002
    ]
  },
  "taro-react": {
    "babel": [
      184.55616700000064,
      131.1461249999993,
      187.82695800000147,
      429.7678330000017,
      287.6555410000001,
      336.2275419999987,
      174.1495420000001,
      125.26829199999975,
      155.8960420000003,
      20.754249999999956,
      19.962916999999834,
      44.25087499999972,
      205.8399589999999,
      163.0907500000003,
      172.9728329999998,
      21.802625000000262,
      20.147291000000223,
      43.31154200000037,
      221.0285840000006,
      191.13716600000043,
      197.82937500000025,
      20.953708000000006,
      19.729457999999795,
      43.257791,
      17.104833000000326,
      15.490042000000358,
      25.24354200000016,
      210.1532499999994,
      190.30354199999965,
      158.60812499999975,
      19.215291999999863,
      19.283124999999927,
      41.71004200000061,
      15.532874999999876,
      15.813916000000063,
      53.29008299999987,
      203.28637500000013,
      177.56745800000044,
      159.27466699999968,
      19.34637500000008,
      19.5854589999999,
      42.12774999999965,
      16.03216699999939,
      16.37683300000026,
      23.95391699999982,
      217.20491700000002,
      154.85141699999986,
      160.09120799999982,
      21.638833999999406,
      21.027124999999614,
      41.44812499999989,
      16.206583000000137,
      17.415541999999732,
      25.299291999999696,
      217.22433300000012,
      188.94687500000055,
      156.69895899999938,
      25.340375000000677,
      21.30749999999989,
      41.36799999999948,
      16.372291999999106,
      16.112208999999893,
      23.870208000000275,
      264.2552079999996,
      180.9602500000001,
      159.50341599999956,
      23.448875000000044,
      25.03779200000008,
      66.4238749999995,
      20.59729200000038,
      19.354083999999602,
      27.209083000000646
    ]
  }
}
