{
  "mpx": {
    "babel": [
      70.62162499999977,
      42.642250000000786,
      42.83366700000079,
      43.96875,
      33.59337500000038,
      40.37904199999866,
      926.3472500000007,
      13.743499999999585,
      7.890959000000294,
      8.06366700000035,
      14.76299999999992,
      11.20916699999998,
      6.6264579999997295,
      245.70237499999985
    ]
  },
  "taro-react": {
    "babel": [
      629.8704170000001,
      637.1499169999988,
      370.85849999999846
    ]
  },
  "native-webpack": {
    "babel": [
      126.73629200000005,
      98.95924999999988
    ]
  },
  "rax": {
    "babel": [
      224.18445799999972,
      242.93341699999928,
      262.6123749999997,
      288.63933299999917,
      233.49524999999994
    ]
  },
  "taro-vue3": {
    "babel": [
      288.69566699999814
    ]
  }
}
