{
  "native-webpack": {
    "babel": [
      104.39754100000027,
      122.44374999999991,
      136.74224999999979,
      69.01954100000012
    ]
  },
  "rax": {
    "babel": [
      224.10991600000034,
      100.61779099999967,
      111.9824580000004,
      75.88050000000021,
      94.25170900000012,
      156.78329200000007,
      220.54849999999988,
      347.4344170000004,
      159.3154169999998,
      336.95745799999986
    ]
  },
  "taro-vue3": {
    "babel": [
      400.6917500000018,
      351.56804099999863,
      210.5197500000013,
      201.8064579999991
    ]
  },
  "mpx": {
    "babel": [
      29.952416000000085,
      11.07458300000144,
      20.927292000000307,
      36.11462500000016,
      7.032875000000786,
      7.725166000000172,
      280.7640420000007,
      26.245832999999948,
      8.561083000000508,
      30.576915999999983,
      37.93720799999937,
      8.040875000000597,
      6.8414170000014565,
      336.37275000000045,
      17.87304099999983,
      10.680916999999681,
      30.358791999999994,
      39.98158400000011,
      17.06354199999987,
      10.62237499999901,
      306.0850420000006,
      23.974874999999884,
      7.706832999999278,
      9.03191599999991,
      16.475750000000517,
      7.93224999999984,
      12.709749999999985,
      265.71058300000004
    ]
  },
  "taro-react": {
    "babel": [
      252.8977500000001,
      276.88374999999905,
      201.3182909999996,
      245.46245799999997,
      158.1889999999985,
      207.97212500000023,
      241.1765830000004,
      144.8055830000003,
      185.1402079999989,
      191.37462499999947,
      372.5300409999991,
      209.50708300000042
    ]
  }
}
