{
  "uni-app-webpack-vue2": {
    "babel": [
      175.17770900000005
    ]
  },
  "uni-app-webpack5-vue2": {
    "babel": [
      122.829792
    ]
  },
  "native-webpack": {
    "babel": [
      252.93733299999985,
      124.02145900000005
    ]
  },
  "rax": {
    "babel": [
      266.58587500000067,
      284.48204200000055,
      12.203792000000249,
      35.38141700000051,
      41.75945899999988,
      60.66658400000051,
      177.01970899999833,
      177.0776249999999,
      207.84237500000017,
      33.856667000000016,
      81.50354200000038,
      64.12395800000013,
      76.48574999999983,
      176.54691699999967
    ]
  },
  "taro-react": {
    "babel": [
      694.2662909999999,
      361.2877499999995,
      1089.3603750000002,
      737.3809160000001,
      777.9138330000023
    ]
  },
  "mpx": {
    "babel": [
      553.0599160000002,
      118.36491699999988,
      47.6111249999999,
      5.764709000000039,
      5.804166999999779,
      5.124624999999924,
      4.283582999999908,
      4.939166999999998,
      118.81737499999963,
      9.897291999999652,
      5.87433400000009,
      5.938834000000043,
      5.243582999999944,
      7.024499999999534,
      5.016124999999192,
      266.7982089999996,
      38.696374999999534,
      24.368709000000308,
      13.139875000000757,
      11.27904099999978,
      7.869791000000987,
      9.536667000000307,
      621.2572079999991
    ]
  },
  "taro-vue3": {
    "babel": [
      331.1447499999995
    ]
  }
}
