{
  "rax": {
    "babel": [
      572.0029170000007,
      0.16462500000034197,
      0.0834580000000642,
      0.07141700000011042,
      0.06829199999992852,
      0.08220799999980954,
      0.22329100000024482,
      105.42916700000023,
      0.14875000000029104,
      0.052290999999968335,
      0.06020799999987503,
      0.042541000000255735,
      0.054165999999895575,
      0.08449999999993452,
      60.91116699999975,
      0.16825000000062573,
      0.07099999999991269,
      0.07908299999962765,
      0.3065409999999247,
      0.08204099999966274,
      0.11083399999915855,
      85.92733399999997,
      151.40808300000003,
      0.1194590000000062,
      0.026916000000255735,
      0.037084000000049855,
      0.057959000000209926,
      0.06008300000030431,
      0.07387500000004366,
      64.24037499999986
    ]
  },
  "uni-app-webpack-vue2": {
    "babel": [
      828.804250000001,
      148.3633749999999,
      181.39041700000007,
      148.43445900000006,
      143.862666,
      141.53933300000017,
      137.22129200000018,
      134.4667919999997,
      136.8291250000002,
      137.31020800000033,
      134.66108399999985,
      133.96829200000002,
      134.7495839999997,
      147.57208300000002,
      134.91958299999988,
      135.28312499999993,
      167.37629199999992,
      167.81904200000008,
      136.02795800000013,
      133.5613330000001,
      142.51412500000015,
      132.328125,
      133.55916700000034,
      135.9277500000003,
      136.09162500000002,
      144.86291699999992,
      144.6658749999997,
      142.50950000000012,
      148.48387500000035,
      143.98775000000023,
      143.04254200000014,
      151.78937499999984,
      249.33337500000016,
      127.79170799999974,
      181.5364169999998,
      142.05504100000007,
      144.5433750000002,
      148.53829200000018,
      136.2377919999999,
      371.5467499999995,
      156.2107500000002,
      139.7567079999999
    ]
  },
  "taro-vue3": {
    "babel": [
      405.63854100000026,
      261.97708299999977,
      199.960333,
      321.83558300000004,
      177.4915000000001,
      220.17233300000044,
      222.12812500000018,
      210.98541599999953
    ]
  },
  "native-webpack": {
    "babel": [
      61.7336250000003,
      103.88841700000012,
      48.924833000000035,
      46.93091699999991,
      45.85812499999997,
      62.36591700000008,
      57.72325000000001,
      47.48912499999983,
      49.11033300000008,
      50.47779199999991
    ]
  },
  "mpx": {
    "babel": [
      64.13737500000025,
      0.13633399999889662,
      0.09041699999943376,
      0.07841600000028848,
      0.15066599999954633,
      0.07508400000006077,
      280.86724999999933,
      65.43712500000038,
      0.08954200000061974,
      0.08020900000065012,
      0.06950000000051659,
      0.16058300000076997,
      0.077541999999994,
      259.2883750000001,
      0.7222910000000411,
      0.06608300000016243,
      0.04937500000005457,
      0.024707999999918684,
      0.14841699999988123,
      0.04045799999994415,
      257.992291,
      126.00387500000033,
      0.1165419999997539,
      0.08695900000020629,
      0.24233399999957328,
      0.15366700000049605,
      0.08454100000017206,
      262.4134589999994,
      60.83879200000001,
      0.10712500000045111,
      0.07825000000048021,
      0.04095800000050076,
      0.14816700000028504,
      0.08516600000075414,
      277.96741699999984,
      0.8869999999997162,
      0.08299999999962893,
      0.06500000000005457,
      0.05012499999975262,
      0.1253750000000764,
      0.03508400000009715,
      266.8108750000001,
      36.23216599999978,
      0.07291600000007747,
      0.051375000000007276,
      0.031375000000025466,
      0.14345900000034817,
      0.05891699999983757,
      264.8498749999999
    ]
  },
  "taro-react": {
    "babel": [
      216.39187500000116,
      162.9237919999996,
      141.570291,
      283.2704590000012,
      209.25966700000026,
      256.7855839999993,
      148.72658300000012,
      115.31750000000011,
      140.81162500000028,
      184.92849999999999,
      123.38450000000012,
      188.95799999999872,
      263.2962090000001,
      135.12824999999975,
      173.06354199999987,
      162.2086250000002,
      121.20512500000041,
      148.88333299999977
    ]
  }
}
