{
  "native-webpack": {
    "babel": [
      94.13716700000009
    ]
  },
  "mpx": {
    "babel": [
      33.36175000000003,
      16.12695800000074,
      39.781958999999915,
      60.96862500000134,
      53.21404199999961,
      49.252833000000464,
      733.7067499999994
    ]
  },
  "rax": {
    "babel": [
      330.7367089999998
    ]
  },
  "taro-react": {
    "babel": [
      234.2157500000012,
      177.49374999999964,
      209.31758399999853
    ]
  },
  "taro-vue3": {
    "babel": [
      246.46350000000166
    ]
  }
}
