{
  "native-webpack": {
    "babel": [
      97.58275000000003,
      88.52962500000012
    ]
  },
  "rax": {
    "babel": [
      84.04975000000013,
      93.28637499999968,
      42.11912500000017,
      158.61979100000008,
      67.03849999999966,
      89.6113749999995,
      267.8037910000003,
      221.64508399999977
    ]
  },
  "mpx": {
    "babel": [
      123.20837500000016,
      118.63749999999891,
      60.26508300000023,
      83.24975000000086,
      20.23333300000013,
      25.003332999998747,
      726.4668330000022,
      14.516082999999526,
      10.878625000000284,
      8.774499999999534,
      19.692250000000058,
      8.855000000000473,
      7.059834000000592,
      284.5345000000016
    ]
  },
  "taro-vue3": {
    "babel": [
      260.95324999999866,
      231.70033400000102
    ]
  },
  "taro-react": {
    "babel": [
      215.3983330000001,
      426.6110829999998,
      303.16100000000006,
      201.30162500000006,
      153.36662499999966,
      182.7513340000005
    ]
  }
}
