{
  "generatedAt": "2026-02-22T16:17:35.576Z",
  "label": "4.9.8",
  "root": "/tmp/weapp-tailwindcss-4.9.8",
  "project": "demo/uni-app-vue3-vite",
  "params": {
    "buildRuns": 5,
    "hmrRuns": 8,
    "timeoutMs": 180000
  },
  "buildMs": [
    3332.0162499999997,
    3056.5537919999997,
    3130.5708749999994,
    3100.938833,
    3082.325500000001
  ],
  "hmrMs": [
    2298.968917000002,
    971.8490420000016,
    483.9721660000032,
    727.4630419999994,
    602.3945829999975,
    605.3526659999989,
    484.34999999999854,
    484.1715409999997
  ],
  "summary": {
    "build": {
      "mean": 3140.48105,
      "median": 3100.938833,
      "min": 3056.5537919999997,
      "max": 3332.0162499999997,
      "stddev": 98.76576731241104
    },
    "hmr": {
      "mean": 832.3152446250001,
      "median": 603.8736244999982,
      "min": 483.9721660000032,
      "max": 2298.968917000002,
      "stddev": 575.4931507738689
    }
  }
}
