{
  "generatedAt": "2026-02-22T16:18:18.614Z",
  "label": "4.10.2",
  "root": "/tmp/weapp-tailwindcss-4.10.2",
  "project": "demo/uni-app-vue3-vite",
  "params": {
    "buildRuns": 5,
    "hmrRuns": 8,
    "timeoutMs": 180000
  },
  "buildMs": [
    5687.636665999999,
    3043.6641659999996,
    3071.5020829999994,
    3409.593167000001,
    3132.9273749999993
  ],
  "hmrMs": [
    1454.8605000000025,
    483.6760000000031,
    482.7948339999966,
    607.6542919999993,
    482.89504099999976,
    605.9677499999998,
    484.786250000001,
    485.6122499999983
  ],
  "summary": {
    "build": {
      "mean": 3669.0646914,
      "median": 3132.9273749999993,
      "min": 3043.6641659999996,
      "max": 5687.636665999999,
      "stddev": 1017.605856781495
    },
    "hmr": {
      "mean": 636.030864625,
      "median": 485.19924999999967,
      "min": 482.7948339999966,
      "max": 1454.8605000000025,
      "stddev": 313.81434637296735
    }
  }
}
