{
  "generatedAt": "2026-02-22T16:40:30.319Z",
  "conclusions": [
    "多项目稳态 Build（中位数）在 4.10.2 相比 4.9.8 平均 -1.89%。",
    "多项目稳态 HMR（中位数）在 4.10.2 相比 4.9.8 平均 +4.81%。",
    "多项目首轮 Build 在 4.10.2 相比 4.9.8 平均 -2.00%，首轮 HMR 平均 -2.98%。",
    "单项目深度样本（demo/uni-app-vue3-vite, 5 build / 8 hmr）中，稳态 Build 变化 +0.34%，稳态 HMR 变化 -19.52%。"
  ],
  "singleCompare": {
    "key": "demo-uni-app-vue3-vite",
    "project": "demo/uni-app-vue3-vite",
    "params": {
      "buildRuns": 5,
      "hmrRuns": 8,
      "timeoutMs": 180000
    },
    "buildFirst": {
      "v498": 3332.0162499999997,
      "v4102": 5687.636665999999,
      "deltaPct": 70.6965464529172
    },
    "buildSteadyMedian": {
      "v498": 3091.6321665000005,
      "v4102": 3102.2147289999994,
      "deltaPct": 0.3422969464048257
    },
    "hmrFirst": {
      "v498": 2298.968917000002,
      "v4102": 1454.8605000000025,
      "deltaPct": -36.71682599786967
    },
    "hmrSteadyMedian": {
      "v498": 602.3945829999975,
      "v4102": 484.786250000001,
      "deltaPct": -19.523471212887213
    }
  },
  "matrixCompares": [
    {
      "key": "demo-uni-app-vue3-vite",
      "project": "demo/uni-app-vue3-vite",
      "buildFirst": {
        "v498": 3319.610833,
        "v4102": 3402.044166000007,
        "deltaPct": 2.483222797700961
      },
      "buildSteadyMedian": {
        "v498": 3086.069896,
        "v4102": 3137.5090625000084,
        "deltaPct": 1.6668179345737173
      },
      "hmrFirst": {
        "v498": 2180.7852079999993,
        "v4102": 2301.2436670000025,
        "deltaPct": 5.52362784551697
      },
      "hmrSteadyMedian": {
        "v498": 669.7835624999998,
        "v4102": 606.4363545000015,
        "deltaPct": -9.45786244194345
      }
    },
    {
      "key": "demo-uni-app-tailwindcss-v4",
      "project": "demo/uni-app-tailwindcss-v4",
      "buildFirst": {
        "v498": 3412.7311670000017,
        "v4102": 3218.771708,
        "deltaPct": -5.683408669148226
      },
      "buildSteadyMedian": {
        "v498": 3196.993542,
        "v4102": 3113.233478999995,
        "deltaPct": -2.6199634719188674
      },
      "hmrFirst": {
        "v498": 1815.4765829999997,
        "v4102": 1695.1996669999935,
        "deltaPct": -6.625087711197771
      },
      "hmrSteadyMedian": {
        "v498": 364.6102504999999,
        "v4102": 363.700957999994,
        "deltaPct": -0.24938753059162944
      }
    },
    {
      "key": "apps-vite-native-ts",
      "project": "apps/vite-native-ts",
      "buildFirst": {
        "v498": 1361.5873749999992,
        "v4102": 1181.8908329999977,
        "deltaPct": -13.19757698252759
      },
      "buildSteadyMedian": {
        "v498": 1138.1547704999975,
        "v4102": 1044.4675624999873,
        "deltaPct": -8.231499830102456
      },
      "hmrFirst": {
        "v498": 1209.7133749999994,
        "v4102": 1090.0637080000015,
        "deltaPct": -9.890745152751405
      },
      "hmrSteadyMedian": {
        "v498": 123.31741650000185,
        "v4102": 122.53587500001595,
        "deltaPct": -0.6337640879671641
      }
    },
    {
      "key": "apps-vite-native",
      "project": "apps/vite-native",
      "buildFirst": {
        "v498": 1973.4109590000007,
        "v4102": 1786.4585420000076,
        "deltaPct": -9.47356738581855
      },
      "buildSteadyMedian": {
        "v498": 1916.747645499996,
        "v4102": 1720.270875000002,
        "deltaPct": -10.250528856068676
      },
      "hmrFirst": {
        "v498": 1933.4232499999998,
        "v4102": 1814.1384590000089,
        "deltaPct": -6.169616042425835
      },
      "hmrSteadyMedian": {
        "v498": 485.11293699999806,
        "v4102": 486.1383124999993,
        "deltaPct": 0.2113684096619444
      }
    },
    {
      "key": "apps-vite-native-skyline",
      "project": "apps/vite-native-skyline",
      "buildFirst": {
        "v498": 936.9067500000019,
        "v4102": 864.7294999999867,
        "deltaPct": -7.703781619677202
      },
      "buildSteadyMedian": {
        "v498": 954.6701255000007,
        "v4102": 855.2634584999905,
        "deltaPct": -10.41267180618507
      },
      "hmrFirst": {
        "v498": 968.800040999995,
        "v4102": 846.5480000000098,
        "deltaPct": -12.618913689743106
      },
      "hmrSteadyMedian": {
        "v498": 122.51081200000044,
        "v4102": 121.99420799998916,
        "deltaPct": -0.42168033300708396
      }
    },
    {
      "key": "apps-vite-native-ts-skyline",
      "project": "apps/vite-native-ts-skyline",
      "buildFirst": {
        "v498": 1165.957957999999,
        "v4102": 1306.4889170000097,
        "deltaPct": 12.05283244012223
      },
      "buildSteadyMedian": {
        "v498": 1157.500082999999,
        "v4102": 1253.0656460000027,
        "deltaPct": 8.256203554847074
      },
      "hmrFirst": {
        "v498": 1210.9850829999923,
        "v4102": 1333.8804999999993,
        "deltaPct": 10.148384049088058
      },
      "hmrSteadyMedian": {
        "v498": 122.6374585000085,
        "v4102": 122.18739549999009,
        "deltaPct": -0.3669865679892463
      }
    },
    {
      "key": "demo-native-ts",
      "project": "demo/native-ts",
      "buildFirst": {
        "v498": 2798.8752499999973,
        "v4102": 3028.251667000004,
        "deltaPct": 8.19530691837755
      },
      "buildSteadyMedian": {
        "v498": 2719.5315625000076,
        "v4102": 2980.0866875000065,
        "deltaPct": 9.580882553187806
      },
      "hmrFirst": {
        "v498": 2783.661666,
        "v4102": 2663.810625000013,
        "deltaPct": -4.305517529801238
      },
      "hmrSteadyMedian": {
        "v498": 243.8127495000008,
        "v4102": 364.33918750000885,
        "deltaPct": 49.43401780554042
      }
    },
    {
      "key": "apps-weapp-wechat-zhihu",
      "project": "apps/weapp-wechat-zhihu",
      "buildFirst": {
        "v498": 671.356042000014,
        "v4102": 653.5923750000075,
        "deltaPct": -2.6459383529322826
      },
      "buildSteadyMedian": {
        "v498": 662.1385204999897,
        "v4102": 641.663312500008,
        "deltaPct": -3.0922846754966837
      },
      "hmrFirst": {
        "v498": 725.6912500000035,
        "v4102": 726.4207910000114,
        "deltaPct": 0.10053049420230452
      },
      "hmrSteadyMedian": {
        "v498": 122.35581249999814,
        "v4102": 122.33574999998382,
        "deltaPct": -0.01639685079474209
      }
    }
  ],
  "anomalies": {
    "baseErrorCount": 0,
    "recoveredCount": 0,
    "finalErrorCount": 0,
    "lines": [
      "本轮首轮矩阵无失败项，无需补跑。"
    ]
  }
}
